Person Type - Scenario,Period,Location,Percent Active Devices
NY Resident - Weekday - Before,1,HOME,0.895215847
NY Resident - Weekday - Before,2,HOME,0.902649904
NY Resident - Weekday - Before,3,HOME,0.909082247
NY Resident - Weekday - Before,4,HOME,0.912930873
NY Resident - Weekday - Before,5,HOME,0.915651947
NY Resident - Weekday - Before,6,HOME,0.917900172
NY Resident - Weekday - Before,7,HOME,0.919685328
NY Resident - Weekday - Before,8,HOME,0.919685835
NY Resident - Weekday - Before,9,HOME,0.917805214
NY Resident - Weekday - Before,10,HOME,0.913542192
NY Resident - Weekday - Before,11,HOME,0.903887695
NY Resident - Weekday - Before,12,HOME,0.888932351
NY Resident - Weekday - Before,13,HOME,0.863118496
NY Resident - Weekday - Before,14,HOME,0.830778071
NY Resident - Weekday - Before,15,HOME,0.772348067
NY Resident - Weekday - Before,16,HOME,0.691247041
NY Resident - Weekday - Before,17,HOME,0.604828479
NY Resident - Weekday - Before,18,HOME,0.53877685
NY Resident - Weekday - Before,19,HOME,0.486393352
NY Resident - Weekday - Before,20,HOME,0.452785485
NY Resident - Weekday - Before,21,HOME,0.428308474
NY Resident - Weekday - Before,22,HOME,0.412336585
NY Resident - Weekday - Before,23,HOME,0.400813731
NY Resident - Weekday - Before,24,HOME,0.393050454
NY Resident - Weekday - Before,25,HOME,0.39152556
NY Resident - Weekday - Before,26,HOME,0.387105872
NY Resident - Weekday - Before,27,HOME,0.387947364
NY Resident - Weekday - Before,28,HOME,0.389722264
NY Resident - Weekday - Before,29,HOME,0.396155596
NY Resident - Weekday - Before,30,HOME,0.413706214
NY Resident - Weekday - Before,31,HOME,0.446021386
NY Resident - Weekday - Before,32,HOME,0.476764796
NY Resident - Weekday - Before,33,HOME,0.504614645
NY Resident - Weekday - Before,34,HOME,0.536285937
NY Resident - Weekday - Before,35,HOME,0.576829213
NY Resident - Weekday - Before,36,HOME,0.614872147
NY Resident - Weekday - Before,37,HOME,0.644129108
NY Resident - Weekday - Before,38,HOME,0.665191418
NY Resident - Weekday - Before,39,HOME,0.684453606
NY Resident - Weekday - Before,40,HOME,0.697788242
NY Resident - Weekday - Before,41,HOME,0.723338696
NY Resident - Weekday - Before,42,HOME,0.749469196
NY Resident - Weekday - Before,43,HOME,0.779527596
NY Resident - Weekday - Before,44,HOME,0.802921203
NY Resident - Weekday - Before,45,HOME,0.827431594
NY Resident - Weekday - Before,46,HOME,0.842680751
NY Resident - Weekday - Before,47,HOME,0.861669807
NY Resident - Weekday - Before,48,HOME,0.871189699
NY Resident - Weekday - Before,1,WORK,0.032899278
NY Resident - Weekday - Before,2,WORK,0.030136658
NY Resident - Weekday - Before,3,WORK,0.027939902
NY Resident - Weekday - Before,4,WORK,0.026631953
NY Resident - Weekday - Before,5,WORK,0.02591983
NY Resident - Weekday - Before,6,WORK,0.025360574
NY Resident - Weekday - Before,7,WORK,0.024993213
NY Resident - Weekday - Before,8,WORK,0.02535234
NY Resident - Weekday - Before,9,WORK,0.026552743
NY Resident - Weekday - Before,10,WORK,0.028595755
NY Resident - Weekday - Before,11,WORK,0.033016667
NY Resident - Weekday - Before,12,WORK,0.040498567
NY Resident - Weekday - Before,13,WORK,0.056785014
NY Resident - Weekday - Before,14,WORK,0.078689133
NY Resident - Weekday - Before,15,WORK,0.125043986
NY Resident - Weekday - Before,16,WORK,0.193021002
NY Resident - Weekday - Before,17,WORK,0.26887534
NY Resident - Weekday - Before,18,WORK,0.325755345
NY Resident - Weekday - Before,19,WORK,0.373426281
NY Resident - Weekday - Before,20,WORK,0.397892533
NY Resident - Weekday - Before,21,WORK,0.413856284
NY Resident - Weekday - Before,22,WORK,0.424171063
NY Resident - Weekday - Before,23,WORK,0.43139142
NY Resident - Weekday - Before,24,WORK,0.435999064
NY Resident - Weekday - Before,25,WORK,0.434419555
NY Resident - Weekday - Before,26,WORK,0.433963274
NY Resident - Weekday - Before,27,WORK,0.434128676
NY Resident - Weekday - Before,28,WORK,0.432595796
NY Resident - Weekday - Before,29,WORK,0.428589006
NY Resident - Weekday - Before,30,WORK,0.410810293
NY Resident - Weekday - Before,31,WORK,0.380155653
NY Resident - Weekday - Before,32,WORK,0.346725807
NY Resident - Weekday - Before,33,WORK,0.312500113
NY Resident - Weekday - Before,34,WORK,0.275891644
NY Resident - Weekday - Before,35,WORK,0.226663251
NY Resident - Weekday - Before,36,WORK,0.185730607
NY Resident - Weekday - Before,37,WORK,0.152244853
NY Resident - Weekday - Before,38,WORK,0.128841964
NY Resident - Weekday - Before,39,WORK,0.110154406
NY Resident - Weekday - Before,40,WORK,0.098277664
NY Resident - Weekday - Before,41,WORK,0.086532502
NY Resident - Weekday - Before,42,WORK,0.078036952
NY Resident - Weekday - Before,43,WORK,0.069520783
NY Resident - Weekday - Before,44,WORK,0.063210484
NY Resident - Weekday - Before,45,WORK,0.055300512
NY Resident - Weekday - Before,46,WORK,0.049988153
NY Resident - Weekday - Before,47,WORK,0.043296345
NY Resident - Weekday - Before,48,WORK,0.039435987
NY Resident - Weekday - Before,1,OTHER,0.071884876
NY Resident - Weekday - Before,2,OTHER,0.067213438
NY Resident - Weekday - Before,3,OTHER,0.062977851
NY Resident - Weekday - Before,4,OTHER,0.060437174
NY Resident - Weekday - Before,5,OTHER,0.058428223
NY Resident - Weekday - Before,6,OTHER,0.056739254
NY Resident - Weekday - Before,7,OTHER,0.055321459
NY Resident - Weekday - Before,8,OTHER,0.054961825
NY Resident - Weekday - Before,9,OTHER,0.055642042
NY Resident - Weekday - Before,10,OTHER,0.057862053
NY Resident - Weekday - Before,11,OTHER,0.063095639
NY Resident - Weekday - Before,12,OTHER,0.070569081
NY Resident - Weekday - Before,13,OTHER,0.08009649
NY Resident - Weekday - Before,14,OTHER,0.090532796
NY Resident - Weekday - Before,15,OTHER,0.102607947
NY Resident - Weekday - Before,16,OTHER,0.115731957
NY Resident - Weekday - Before,17,OTHER,0.126296182
NY Resident - Weekday - Before,18,OTHER,0.135467804
NY Resident - Weekday - Before,19,OTHER,0.140180366
NY Resident - Weekday - Before,20,OTHER,0.149321982
NY Resident - Weekday - Before,21,OTHER,0.157835242
NY Resident - Weekday - Before,22,OTHER,0.163492353
NY Resident - Weekday - Before,23,OTHER,0.167794849
NY Resident - Weekday - Before,24,OTHER,0.170950482
NY Resident - Weekday - Before,25,OTHER,0.174054885
NY Resident - Weekday - Before,26,OTHER,0.178930854
NY Resident - Weekday - Before,27,OTHER,0.17792396
NY Resident - Weekday - Before,28,OTHER,0.177681941
NY Resident - Weekday - Before,29,OTHER,0.175255398
NY Resident - Weekday - Before,30,OTHER,0.175483493
NY Resident - Weekday - Before,31,OTHER,0.173822961
NY Resident - Weekday - Before,32,OTHER,0.176509397
NY Resident - Weekday - Before,33,OTHER,0.182885242
NY Resident - Weekday - Before,34,OTHER,0.18782242
NY Resident - Weekday - Before,35,OTHER,0.196507536
NY Resident - Weekday - Before,36,OTHER,0.199397245
NY Resident - Weekday - Before,37,OTHER,0.203626038
NY Resident - Weekday - Before,38,OTHER,0.205966618
NY Resident - Weekday - Before,39,OTHER,0.205391988
NY Resident - Weekday - Before,40,OTHER,0.203934094
NY Resident - Weekday - Before,41,OTHER,0.190128802
NY Resident - Weekday - Before,42,OTHER,0.172493852
NY Resident - Weekday - Before,43,OTHER,0.150951622
NY Resident - Weekday - Before,44,OTHER,0.133868314
NY Resident - Weekday - Before,45,OTHER,0.117267894
NY Resident - Weekday - Before,46,OTHER,0.107331097
NY Resident - Weekday - Before,47,OTHER,0.095033848
NY Resident - Weekday - Before,48,OTHER,0.089374314
NY Resident - Weekday - Before,1,SCHOOL,0
NY Resident - Weekday - Before,2,SCHOOL,0
NY Resident - Weekday - Before,3,SCHOOL,0
NY Resident - Weekday - Before,4,SCHOOL,0
NY Resident - Weekday - Before,5,SCHOOL,0
NY Resident - Weekday - Before,6,SCHOOL,0
NY Resident - Weekday - Before,7,SCHOOL,0
NY Resident - Weekday - Before,8,SCHOOL,0
NY Resident - Weekday - Before,9,SCHOOL,0
NY Resident - Weekday - Before,10,SCHOOL,0
NY Resident - Weekday - Before,11,SCHOOL,0
NY Resident - Weekday - Before,12,SCHOOL,0
NY Resident - Weekday - Before,13,SCHOOL,0
NY Resident - Weekday - Before,14,SCHOOL,0
NY Resident - Weekday - Before,15,SCHOOL,0
NY Resident - Weekday - Before,16,SCHOOL,0
NY Resident - Weekday - Before,17,SCHOOL,0
NY Resident - Weekday - Before,18,SCHOOL,0
NY Resident - Weekday - Before,19,SCHOOL,0
NY Resident - Weekday - Before,20,SCHOOL,0
NY Resident - Weekday - Before,21,SCHOOL,0
NY Resident - Weekday - Before,22,SCHOOL,0
NY Resident - Weekday - Before,23,SCHOOL,0
NY Resident - Weekday - Before,24,SCHOOL,0
NY Resident - Weekday - Before,25,SCHOOL,0
NY Resident - Weekday - Before,26,SCHOOL,0
NY Resident - Weekday - Before,27,SCHOOL,0
NY Resident - Weekday - Before,28,SCHOOL,0
NY Resident - Weekday - Before,29,SCHOOL,0
NY Resident - Weekday - Before,30,SCHOOL,0
NY Resident - Weekday - Before,31,SCHOOL,0
NY Resident - Weekday - Before,32,SCHOOL,0
NY Resident - Weekday - Before,33,SCHOOL,0
NY Resident - Weekday - Before,34,SCHOOL,0
NY Resident - Weekday - Before,35,SCHOOL,0
NY Resident - Weekday - Before,36,SCHOOL,0
NY Resident - Weekday - Before,37,SCHOOL,0
NY Resident - Weekday - Before,38,SCHOOL,0
NY Resident - Weekday - Before,39,SCHOOL,0
NY Resident - Weekday - Before,40,SCHOOL,0
NY Resident - Weekday - Before,41,SCHOOL,0
NY Resident - Weekday - Before,42,SCHOOL,0
NY Resident - Weekday - Before,43,SCHOOL,0
NY Resident - Weekday - Before,44,SCHOOL,0
NY Resident - Weekday - Before,45,SCHOOL,0
NY Resident - Weekday - Before,46,SCHOOL,0
NY Resident - Weekday - Before,47,SCHOOL,0
NY Resident - Weekday - Before,48,SCHOOL,0
NY Resident - Weekday - Now,1,HOME,0.914677892
NY Resident - Weekday - Now,2,HOME,0.916777496
NY Resident - Weekday - Now,3,HOME,0.921658218
NY Resident - Weekday - Now,4,HOME,0.923177262
NY Resident - Weekday - Now,5,HOME,0.925574652
NY Resident - Weekday - Now,6,HOME,0.926244127
NY Resident - Weekday - Now,7,HOME,0.927950413
NY Resident - Weekday - Now,8,HOME,0.927777953
NY Resident - Weekday - Now,9,HOME,0.927259388
NY Resident - Weekday - Now,10,HOME,0.92500798
NY Resident - Weekday - Now,11,HOME,0.920580344
NY Resident - Weekday - Now,12,HOME,0.912052675
NY Resident - Weekday - Now,13,HOME,0.895279556
NY Resident - Weekday - Now,14,HOME,0.876404034
NY Resident - Weekday - Now,15,HOME,0.851270639
NY Resident - Weekday - Now,16,HOME,0.830948133
NY Resident - Weekday - Now,17,HOME,0.807935646
NY Resident - Weekday - Now,18,HOME,0.788906231
NY Resident - Weekday - Now,19,HOME,0.774043573
NY Resident - Weekday - Now,20,HOME,0.763534328
NY Resident - Weekday - Now,21,HOME,0.756055848
NY Resident - Weekday - Now,22,HOME,0.750390077
NY Resident - Weekday - Now,23,HOME,0.748936054
NY Resident - Weekday - Now,24,HOME,0.744271251
NY Resident - Weekday - Now,25,HOME,0.742098291
NY Resident - Weekday - Now,26,HOME,0.741113783
NY Resident - Weekday - Now,27,HOME,0.744337146
NY Resident - Weekday - Now,28,HOME,0.74306712
NY Resident - Weekday - Now,29,HOME,0.745898222
NY Resident - Weekday - Now,30,HOME,0.748193346
NY Resident - Weekday - Now,31,HOME,0.756226773
NY Resident - Weekday - Now,32,HOME,0.76667532
NY Resident - Weekday - Now,33,HOME,0.781918455
NY Resident - Weekday - Now,34,HOME,0.797066267
NY Resident - Weekday - Now,35,HOME,0.815459949
NY Resident - Weekday - Now,36,HOME,0.827333978
NY Resident - Weekday - Now,37,HOME,0.838529496
NY Resident - Weekday - Now,38,HOME,0.844447001
NY Resident - Weekday - Now,39,HOME,0.851926845
NY Resident - Weekday - Now,40,HOME,0.851603716
NY Resident - Weekday - Now,41,HOME,0.870154092
NY Resident - Weekday - Now,42,HOME,0.873963523
NY Resident - Weekday - Now,43,HOME,0.881280876
NY Resident - Weekday - Now,44,HOME,0.884706192
NY Resident - Weekday - Now,45,HOME,0.892845886
NY Resident - Weekday - Now,46,HOME,0.895183706
NY Resident - Weekday - Now,47,HOME,0.901951945
NY Resident - Weekday - Now,48,HOME,0.905225813
NY Resident - Weekday - Now,1,WORK,0.037102799
NY Resident - Weekday - Now,2,WORK,0.035759894
NY Resident - Weekday - Now,3,WORK,0.034201981
NY Resident - Weekday - Now,4,WORK,0.033318752
NY Resident - Weekday - Now,5,WORK,0.032333598
NY Resident - Weekday - Now,6,WORK,0.031990768
NY Resident - Weekday - Now,7,WORK,0.031498872
NY Resident - Weekday - Now,8,WORK,0.031494284
NY Resident - Weekday - Now,9,WORK,0.032069113
NY Resident - Weekday - Now,10,WORK,0.033441211
NY Resident - Weekday - Now,11,WORK,0.036362971
NY Resident - Weekday - Now,12,WORK,0.041183785
NY Resident - Weekday - Now,13,WORK,0.052805097
NY Resident - Weekday - Now,14,WORK,0.06622907
NY Resident - Weekday - Now,15,WORK,0.086006359
NY Resident - Weekday - Now,16,WORK,0.101010938
NY Resident - Weekday - Now,17,WORK,0.119315439
NY Resident - Weekday - Now,18,WORK,0.133479724
NY Resident - Weekday - Now,19,WORK,0.147069729
NY Resident - Weekday - Now,20,WORK,0.153983587
NY Resident - Weekday - Now,21,WORK,0.159757045
NY Resident - Weekday - Now,22,WORK,0.162593417
NY Resident - Weekday - Now,23,WORK,0.164221216
NY Resident - Weekday - Now,24,WORK,0.166591522
NY Resident - Weekday - Now,25,WORK,0.167513087
NY Resident - Weekday - Now,26,WORK,0.16726925
NY Resident - Weekday - Now,27,WORK,0.165786275
NY Resident - Weekday - Now,28,WORK,0.165169236
NY Resident - Weekday - Now,29,WORK,0.163204563
NY Resident - Weekday - Now,30,WORK,0.159539763
NY Resident - Weekday - Now,31,WORK,0.153019818
NY Resident - Weekday - Now,32,WORK,0.142734696
NY Resident - Weekday - Now,33,WORK,0.13016204
NY Resident - Weekday - Now,34,WORK,0.116151871
NY Resident - Weekday - Now,35,WORK,0.098468798
NY Resident - Weekday - Now,36,WORK,0.087378628
NY Resident - Weekday - Now,37,WORK,0.07885209
NY Resident - Weekday - Now,38,WORK,0.073490569
NY Resident - Weekday - Now,39,WORK,0.068667776
NY Resident - Weekday - Now,40,WORK,0.066652859
NY Resident - Weekday - Now,41,WORK,0.060481351
NY Resident - Weekday - Now,42,WORK,0.058152246
NY Resident - Weekday - Now,43,WORK,0.054622142
NY Resident - Weekday - Now,44,WORK,0.052401948
NY Resident - Weekday - Now,45,WORK,0.048382906
NY Resident - Weekday - Now,46,WORK,0.046792304
NY Resident - Weekday - Now,47,WORK,0.04327655
NY Resident - Weekday - Now,48,WORK,0.041053753
NY Resident - Weekday - Now,1,OTHER,0.048219308
NY Resident - Weekday - Now,2,OTHER,0.04746261
NY Resident - Weekday - Now,3,OTHER,0.044139801
NY Resident - Weekday - Now,4,OTHER,0.043503986
NY Resident - Weekday - Now,5,OTHER,0.04209175
NY Resident - Weekday - Now,6,OTHER,0.041765106
NY Resident - Weekday - Now,7,OTHER,0.040550715
NY Resident - Weekday - Now,8,OTHER,0.040727763
NY Resident - Weekday - Now,9,OTHER,0.040671499
NY Resident - Weekday - Now,10,OTHER,0.041550809
NY Resident - Weekday - Now,11,OTHER,0.043056685
NY Resident - Weekday - Now,12,OTHER,0.046763539
NY Resident - Weekday - Now,13,OTHER,0.051915347
NY Resident - Weekday - Now,14,OTHER,0.057366895
NY Resident - Weekday - Now,15,OTHER,0.062723002
NY Resident - Weekday - Now,16,OTHER,0.068040929
NY Resident - Weekday - Now,17,OTHER,0.072748915
NY Resident - Weekday - Now,18,OTHER,0.077614045
NY Resident - Weekday - Now,19,OTHER,0.078886698
NY Resident - Weekday - Now,20,OTHER,0.082482085
NY Resident - Weekday - Now,21,OTHER,0.084187106
NY Resident - Weekday - Now,22,OTHER,0.087016507
NY Resident - Weekday - Now,23,OTHER,0.08684273
NY Resident - Weekday - Now,24,OTHER,0.089137227
NY Resident - Weekday - Now,25,OTHER,0.090388622
NY Resident - Weekday - Now,26,OTHER,0.091616967
NY Resident - Weekday - Now,27,OTHER,0.089876579
NY Resident - Weekday - Now,28,OTHER,0.091763644
NY Resident - Weekday - Now,29,OTHER,0.090897215
NY Resident - Weekday - Now,30,OTHER,0.09226689
NY Resident - Weekday - Now,31,OTHER,0.090753409
NY Resident - Weekday - Now,32,OTHER,0.090589984
NY Resident - Weekday - Now,33,OTHER,0.087919505
NY Resident - Weekday - Now,34,OTHER,0.086781862
NY Resident - Weekday - Now,35,OTHER,0.086071253
NY Resident - Weekday - Now,36,OTHER,0.085287394
NY Resident - Weekday - Now,37,OTHER,0.082618414
NY Resident - Weekday - Now,38,OTHER,0.08206243
NY Resident - Weekday - Now,39,OTHER,0.079405379
NY Resident - Weekday - Now,40,OTHER,0.081743425
NY Resident - Weekday - Now,41,OTHER,0.069364557
NY Resident - Weekday - Now,42,OTHER,0.067884231
NY Resident - Weekday - Now,43,OTHER,0.064096983
NY Resident - Weekday - Now,44,OTHER,0.06289186
NY Resident - Weekday - Now,45,OTHER,0.058771208
NY Resident - Weekday - Now,46,OTHER,0.05802399
NY Resident - Weekday - Now,47,OTHER,0.054771506
NY Resident - Weekday - Now,48,OTHER,0.053720434
NY Resident - Weekday - Now,1,SCHOOL,0
NY Resident - Weekday - Now,2,SCHOOL,0
NY Resident - Weekday - Now,3,SCHOOL,0
NY Resident - Weekday - Now,4,SCHOOL,0
NY Resident - Weekday - Now,5,SCHOOL,0
NY Resident - Weekday - Now,6,SCHOOL,0
NY Resident - Weekday - Now,7,SCHOOL,0
NY Resident - Weekday - Now,8,SCHOOL,0
NY Resident - Weekday - Now,9,SCHOOL,0
NY Resident - Weekday - Now,10,SCHOOL,0
NY Resident - Weekday - Now,11,SCHOOL,0
NY Resident - Weekday - Now,12,SCHOOL,0
NY Resident - Weekday - Now,13,SCHOOL,0
NY Resident - Weekday - Now,14,SCHOOL,0
NY Resident - Weekday - Now,15,SCHOOL,0
NY Resident - Weekday - Now,16,SCHOOL,0
NY Resident - Weekday - Now,17,SCHOOL,0
NY Resident - Weekday - Now,18,SCHOOL,0
NY Resident - Weekday - Now,19,SCHOOL,0
NY Resident - Weekday - Now,20,SCHOOL,0
NY Resident - Weekday - Now,21,SCHOOL,0
NY Resident - Weekday - Now,22,SCHOOL,0
NY Resident - Weekday - Now,23,SCHOOL,0
NY Resident - Weekday - Now,24,SCHOOL,0
NY Resident - Weekday - Now,25,SCHOOL,0
NY Resident - Weekday - Now,26,SCHOOL,0
NY Resident - Weekday - Now,27,SCHOOL,0
NY Resident - Weekday - Now,28,SCHOOL,0
NY Resident - Weekday - Now,29,SCHOOL,0
NY Resident - Weekday - Now,30,SCHOOL,0
NY Resident - Weekday - Now,31,SCHOOL,0
NY Resident - Weekday - Now,32,SCHOOL,0
NY Resident - Weekday - Now,33,SCHOOL,0
NY Resident - Weekday - Now,34,SCHOOL,0
NY Resident - Weekday - Now,35,SCHOOL,0
NY Resident - Weekday - Now,36,SCHOOL,0
NY Resident - Weekday - Now,37,SCHOOL,0
NY Resident - Weekday - Now,38,SCHOOL,0
NY Resident - Weekday - Now,39,SCHOOL,0
NY Resident - Weekday - Now,40,SCHOOL,0
NY Resident - Weekday - Now,41,SCHOOL,0
NY Resident - Weekday - Now,42,SCHOOL,0
NY Resident - Weekday - Now,43,SCHOOL,0
NY Resident - Weekday - Now,44,SCHOOL,0
NY Resident - Weekday - Now,45,SCHOOL,0
NY Resident - Weekday - Now,46,SCHOOL,0
NY Resident - Weekday - Now,47,SCHOOL,0
NY Resident - Weekday - Now,48,SCHOOL,0
NY Resident- Weekend - Before,1,HOME,0.830602078
NY Resident- Weekend - Before,2,HOME,0.843723758
NY Resident- Weekend - Before,3,HOME,0.856541248
NY Resident- Weekend - Before,4,HOME,0.864756712
NY Resident- Weekend - Before,5,HOME,0.872579239
NY Resident- Weekend - Before,6,HOME,0.877024305
NY Resident- Weekend - Before,7,HOME,0.879772604
NY Resident- Weekend - Before,8,HOME,0.882919432
NY Resident- Weekend - Before,9,HOME,0.885632507
NY Resident- Weekend - Before,10,HOME,0.88616999
NY Resident- Weekend - Before,11,HOME,0.884963455
NY Resident- Weekend - Before,12,HOME,0.880866067
NY Resident- Weekend - Before,13,HOME,0.873022777
NY Resident- Weekend - Before,14,HOME,0.862833675
NY Resident- Weekend - Before,15,HOME,0.846563455
NY Resident- Weekend - Before,16,HOME,0.830799997
NY Resident- Weekend - Before,17,HOME,0.808425644
NY Resident- Weekend - Before,18,HOME,0.787138547
NY Resident- Weekend - Before,19,HOME,0.758178637
NY Resident- Weekend - Before,20,HOME,0.733031717
NY Resident- Weekend - Before,21,HOME,0.703952374
NY Resident- Weekend - Before,22,HOME,0.683319544
NY Resident- Weekend - Before,23,HOME,0.66427058
NY Resident- Weekend - Before,24,HOME,0.650916717
NY Resident- Weekend - Before,25,HOME,0.64145342
NY Resident- Weekend - Before,26,HOME,0.632354621
NY Resident- Weekend - Before,27,HOME,0.627992942
NY Resident- Weekend - Before,28,HOME,0.624884262
NY Resident- Weekend - Before,29,HOME,0.626614887
NY Resident- Weekend - Before,30,HOME,0.629101462
NY Resident- Weekend - Before,31,HOME,0.63359381
NY Resident- Weekend - Before,32,HOME,0.640004423
NY Resident- Weekend - Before,33,HOME,0.646397736
NY Resident- Weekend - Before,34,HOME,0.652170273
NY Resident- Weekend - Before,35,HOME,0.657695786
NY Resident- Weekend - Before,36,HOME,0.662430784
NY Resident- Weekend - Before,37,HOME,0.670960576
NY Resident- Weekend - Before,38,HOME,0.675781407
NY Resident- Weekend - Before,39,HOME,0.688954466
NY Resident- Weekend - Before,40,HOME,0.695658877
NY Resident- Weekend - Before,41,HOME,0.711175501
NY Resident- Weekend - Before,42,HOME,0.728048317
NY Resident- Weekend - Before,43,HOME,0.749154796
NY Resident- Weekend - Before,44,HOME,0.768250043
NY Resident- Weekend - Before,45,HOME,0.790002052
NY Resident- Weekend - Before,46,HOME,0.809695338
NY Resident- Weekend - Before,47,HOME,0.829702246
NY Resident- Weekend - Before,48,HOME,0.842547727
NY Resident- Weekend - Before,1,WORK,0.036804643
NY Resident- Weekend - Before,2,WORK,0.033415983
NY Resident- Weekend - Before,3,WORK,0.030355315
NY Resident- Weekend - Before,4,WORK,0.028472901
NY Resident- Weekend - Before,5,WORK,0.02689666
NY Resident- Weekend - Before,6,WORK,0.026174919
NY Resident- Weekend - Before,7,WORK,0.025861159
NY Resident- Weekend - Before,8,WORK,0.025386885
NY Resident- Weekend - Before,9,WORK,0.025336647
NY Resident- Weekend - Before,10,WORK,0.025837168
NY Resident- Weekend - Before,11,WORK,0.027402565
NY Resident- Weekend - Before,12,WORK,0.029912739
NY Resident- Weekend - Before,13,WORK,0.034820107
NY Resident- Weekend - Before,14,WORK,0.040006653
NY Resident- Weekend - Before,15,WORK,0.048661616
NY Resident- Weekend - Before,16,WORK,0.05533039
NY Resident- Weekend - Before,17,WORK,0.064207745
NY Resident- Weekend - Before,18,WORK,0.072051883
NY Resident- Weekend - Before,19,WORK,0.081727131
NY Resident- Weekend - Before,20,WORK,0.088595969
NY Resident- Weekend - Before,21,WORK,0.097014379
NY Resident- Weekend - Before,22,WORK,0.101991753
NY Resident- Weekend - Before,23,WORK,0.106644114
NY Resident- Weekend - Before,24,WORK,0.109784743
NY Resident- Weekend - Before,25,WORK,0.112534151
NY Resident- Weekend - Before,26,WORK,0.112697376
NY Resident- Weekend - Before,27,WORK,0.112351966
NY Resident- Weekend - Before,28,WORK,0.112027903
NY Resident- Weekend - Before,29,WORK,0.110655792
NY Resident- Weekend - Before,30,WORK,0.109039898
NY Resident- Weekend - Before,31,WORK,0.107566307
NY Resident- Weekend - Before,32,WORK,0.103779122
NY Resident- Weekend - Before,33,WORK,0.100389886
NY Resident- Weekend - Before,34,WORK,0.096602134
NY Resident- Weekend - Before,35,WORK,0.092537649
NY Resident- Weekend - Before,36,WORK,0.088381325
NY Resident- Weekend - Before,37,WORK,0.081914502
NY Resident- Weekend - Before,38,WORK,0.077613998
NY Resident- Weekend - Before,39,WORK,0.070904012
NY Resident- Weekend - Before,40,WORK,0.067754768
NY Resident- Weekend - Before,41,WORK,0.06342188
NY Resident- Weekend - Before,42,WORK,0.060035221
NY Resident- Weekend - Before,43,WORK,0.056096548
NY Resident- Weekend - Before,44,WORK,0.052696065
NY Resident- Weekend - Before,45,WORK,0.048000377
NY Resident- Weekend - Before,46,WORK,0.044736147
NY Resident- Weekend - Before,47,WORK,0.039911206
NY Resident- Weekend - Before,48,WORK,0.036864457
NY Resident- Weekend - Before,1,OTHER,0.13259328
NY Resident- Weekend - Before,2,OTHER,0.122860259
NY Resident- Weekend - Before,3,OTHER,0.113103437
NY Resident- Weekend - Before,4,OTHER,0.106770387
NY Resident- Weekend - Before,5,OTHER,0.100524101
NY Resident- Weekend - Before,6,OTHER,0.096800776
NY Resident- Weekend - Before,7,OTHER,0.094366237
NY Resident- Weekend - Before,8,OTHER,0.091693683
NY Resident- Weekend - Before,9,OTHER,0.089030846
NY Resident- Weekend - Before,10,OTHER,0.087992842
NY Resident- Weekend - Before,11,OTHER,0.087633981
NY Resident- Weekend - Before,12,OTHER,0.089221194
NY Resident- Weekend - Before,13,OTHER,0.092157116
NY Resident- Weekend - Before,14,OTHER,0.097159672
NY Resident- Weekend - Before,15,OTHER,0.104774929
NY Resident- Weekend - Before,16,OTHER,0.113869613
NY Resident- Weekend - Before,17,OTHER,0.127366611
NY Resident- Weekend - Before,18,OTHER,0.14080957
NY Resident- Weekend - Before,19,OTHER,0.160094233
NY Resident- Weekend - Before,20,OTHER,0.178372314
NY Resident- Weekend - Before,21,OTHER,0.199033246
NY Resident- Weekend - Before,22,OTHER,0.214688702
NY Resident- Weekend - Before,23,OTHER,0.229085306
NY Resident- Weekend - Before,24,OTHER,0.23929854
NY Resident- Weekend - Before,25,OTHER,0.246012429
NY Resident- Weekend - Before,26,OTHER,0.254948004
NY Resident- Weekend - Before,27,OTHER,0.259655093
NY Resident- Weekend - Before,28,OTHER,0.263087835
NY Resident- Weekend - Before,29,OTHER,0.262729321
NY Resident- Weekend - Before,30,OTHER,0.26185864
NY Resident- Weekend - Before,31,OTHER,0.258839883
NY Resident- Weekend - Before,32,OTHER,0.256216455
NY Resident- Weekend - Before,33,OTHER,0.253212378
NY Resident- Weekend - Before,34,OTHER,0.251227593
NY Resident- Weekend - Before,35,OTHER,0.249766566
NY Resident- Weekend - Before,36,OTHER,0.249187891
NY Resident- Weekend - Before,37,OTHER,0.247124922
NY Resident- Weekend - Before,38,OTHER,0.246604595
NY Resident- Weekend - Before,39,OTHER,0.240141522
NY Resident- Weekend - Before,40,OTHER,0.236586355
NY Resident- Weekend - Before,41,OTHER,0.225402619
NY Resident- Weekend - Before,42,OTHER,0.211916462
NY Resident- Weekend - Before,43,OTHER,0.194748655
NY Resident- Weekend - Before,44,OTHER,0.179053892
NY Resident- Weekend - Before,45,OTHER,0.161997571
NY Resident- Weekend - Before,46,OTHER,0.145568515
NY Resident- Weekend - Before,47,OTHER,0.130386548
NY Resident- Weekend - Before,48,OTHER,0.120587816
NY Resident- Weekend - Before,1,SCHOOL,0
NY Resident- Weekend - Before,2,SCHOOL,0
NY Resident- Weekend - Before,3,SCHOOL,0
NY Resident- Weekend - Before,4,SCHOOL,0
NY Resident- Weekend - Before,5,SCHOOL,0
NY Resident- Weekend - Before,6,SCHOOL,0
NY Resident- Weekend - Before,7,SCHOOL,0
NY Resident- Weekend - Before,8,SCHOOL,0
NY Resident- Weekend - Before,9,SCHOOL,0
NY Resident- Weekend - Before,10,SCHOOL,0
NY Resident- Weekend - Before,11,SCHOOL,0
NY Resident- Weekend - Before,12,SCHOOL,0
NY Resident- Weekend - Before,13,SCHOOL,0
NY Resident- Weekend - Before,14,SCHOOL,0
NY Resident- Weekend - Before,15,SCHOOL,0
NY Resident- Weekend - Before,16,SCHOOL,0
NY Resident- Weekend - Before,17,SCHOOL,0
NY Resident- Weekend - Before,18,SCHOOL,0
NY Resident- Weekend - Before,19,SCHOOL,0
NY Resident- Weekend - Before,20,SCHOOL,0
NY Resident- Weekend - Before,21,SCHOOL,0
NY Resident- Weekend - Before,22,SCHOOL,0
NY Resident- Weekend - Before,23,SCHOOL,0
NY Resident- Weekend - Before,24,SCHOOL,0
NY Resident- Weekend - Before,25,SCHOOL,0
NY Resident- Weekend - Before,26,SCHOOL,0
NY Resident- Weekend - Before,27,SCHOOL,0
NY Resident- Weekend - Before,28,SCHOOL,0
NY Resident- Weekend - Before,29,SCHOOL,0
NY Resident- Weekend - Before,30,SCHOOL,0
NY Resident- Weekend - Before,31,SCHOOL,0
NY Resident- Weekend - Before,32,SCHOOL,0
NY Resident- Weekend - Before,33,SCHOOL,0
NY Resident- Weekend - Before,34,SCHOOL,0
NY Resident- Weekend - Before,35,SCHOOL,0
NY Resident- Weekend - Before,36,SCHOOL,0
NY Resident- Weekend - Before,37,SCHOOL,0
NY Resident- Weekend - Before,38,SCHOOL,0
NY Resident- Weekend - Before,39,SCHOOL,0
NY Resident- Weekend - Before,40,SCHOOL,0
NY Resident- Weekend - Before,41,SCHOOL,0
NY Resident- Weekend - Before,42,SCHOOL,0
NY Resident- Weekend - Before,43,SCHOOL,0
NY Resident- Weekend - Before,44,SCHOOL,0
NY Resident- Weekend - Before,45,SCHOOL,0
NY Resident- Weekend - Before,46,SCHOOL,0
NY Resident- Weekend - Before,47,SCHOOL,0
NY Resident- Weekend - Before,48,SCHOOL,0
NY Resident- Weekend - Now,1,HOME,0.902833472
NY Resident- Weekend - Now,2,HOME,0.906124678
NY Resident- Weekend - Now,3,HOME,0.911809145
NY Resident- Weekend - Now,4,HOME,0.913566494
NY Resident- Weekend - Now,5,HOME,0.917665559
NY Resident- Weekend - Now,6,HOME,0.9186017
NY Resident- Weekend - Now,7,HOME,0.919985986
NY Resident- Weekend - Now,8,HOME,0.920455533
NY Resident- Weekend - Now,9,HOME,0.921289064
NY Resident- Weekend - Now,10,HOME,0.920216067
NY Resident- Weekend - Now,11,HOME,0.920615757
NY Resident- Weekend - Now,12,HOME,0.917130854
NY Resident- Weekend - Now,13,HOME,0.9111696
NY Resident- Weekend - Now,14,HOME,0.90407328
NY Resident- Weekend - Now,15,HOME,0.892832438
NY Resident- Weekend - Now,16,HOME,0.885050893
NY Resident- Weekend - Now,17,HOME,0.875990226
NY Resident- Weekend - Now,18,HOME,0.868640925
NY Resident- Weekend - Now,19,HOME,0.862067915
NY Resident- Weekend - Now,20,HOME,0.855382901
NY Resident- Weekend - Now,21,HOME,0.845950182
NY Resident- Weekend - Now,22,HOME,0.841474087
NY Resident- Weekend - Now,23,HOME,0.840564093
NY Resident- Weekend - Now,24,HOME,0.837855734
NY Resident- Weekend - Now,25,HOME,0.835191727
NY Resident- Weekend - Now,26,HOME,0.831735787
NY Resident- Weekend - Now,27,HOME,0.835118895
NY Resident- Weekend - Now,28,HOME,0.831855074
NY Resident- Weekend - Now,29,HOME,0.833016885
NY Resident- Weekend - Now,30,HOME,0.831943955
NY Resident- Weekend - Now,31,HOME,0.834494256
NY Resident- Weekend - Now,32,HOME,0.835812233
NY Resident- Weekend - Now,33,HOME,0.840309783
NY Resident- Weekend - Now,34,HOME,0.843790816
NY Resident- Weekend - Now,35,HOME,0.850338718
NY Resident- Weekend - Now,36,HOME,0.851482505
NY Resident- Weekend - Now,37,HOME,0.857242127
NY Resident- Weekend - Now,38,HOME,0.857394999
NY Resident- Weekend - Now,39,HOME,0.859412225
NY Resident- Weekend - Now,40,HOME,0.854304741
NY Resident- Weekend - Now,41,HOME,0.874184699
NY Resident- Weekend - Now,42,HOME,0.874311333
NY Resident- Weekend - Now,43,HOME,0.881755453
NY Resident- Weekend - Now,44,HOME,0.883065765
NY Resident- Weekend - Now,45,HOME,0.890278642
NY Resident- Weekend - Now,46,HOME,0.892837918
NY Resident- Weekend - Now,47,HOME,0.900116573
NY Resident- Weekend - Now,48,HOME,0.903948443
NY Resident- Weekend - Now,1,WORK,0.038689408
NY Resident- Weekend - Now,2,WORK,0.037226691
NY Resident- Weekend - Now,3,WORK,0.035227863
NY Resident- Weekend - Now,4,WORK,0.034317494
NY Resident- Weekend - Now,5,WORK,0.032582378
NY Resident- Weekend - Now,6,WORK,0.032399557
NY Resident- Weekend - Now,7,WORK,0.032159176
NY Resident- Weekend - Now,8,WORK,0.03173871
NY Resident- Weekend - Now,9,WORK,0.031522299
NY Resident- Weekend - Now,10,WORK,0.032135907
NY Resident- Weekend - Now,11,WORK,0.032541252
NY Resident- Weekend - Now,12,WORK,0.034790528
NY Resident- Weekend - Now,13,WORK,0.038360418
NY Resident- Weekend - Now,14,WORK,0.041901428
NY Resident- Weekend - Now,15,WORK,0.048499472
NY Resident- Weekend - Now,16,WORK,0.052815195
NY Resident- Weekend - Now,17,WORK,0.058138574
NY Resident- Weekend - Now,18,WORK,0.061382259
NY Resident- Weekend - Now,19,WORK,0.064583016
NY Resident- Weekend - Now,20,WORK,0.067255783
NY Resident- Weekend - Now,21,WORK,0.072101954
NY Resident- Weekend - Now,22,WORK,0.073745228
NY Resident- Weekend - Now,23,WORK,0.074269873
NY Resident- Weekend - Now,24,WORK,0.07536695
NY Resident- Weekend - Now,25,WORK,0.076261302
NY Resident- Weekend - Now,26,WORK,0.076848372
NY Resident- Weekend - Now,27,WORK,0.075720746
NY Resident- Weekend - Now,28,WORK,0.076221552
NY Resident- Weekend - Now,29,WORK,0.075280027
NY Resident- Weekend - Now,30,WORK,0.075019395
NY Resident- Weekend - Now,31,WORK,0.073454094
NY Resident- Weekend - Now,32,WORK,0.071754168
NY Resident- Weekend - Now,33,WORK,0.069443174
NY Resident- Weekend - Now,34,WORK,0.067233271
NY Resident- Weekend - Now,35,WORK,0.063798887
NY Resident- Weekend - Now,36,WORK,0.062033351
NY Resident- Weekend - Now,37,WORK,0.060220769
NY Resident- Weekend - Now,38,WORK,0.059708277
NY Resident- Weekend - Now,39,WORK,0.05844134
NY Resident- Weekend - Now,40,WORK,0.05918112
NY Resident- Weekend - Now,41,WORK,0.053187784
NY Resident- Weekend - Now,42,WORK,0.052604109
NY Resident- Weekend - Now,43,WORK,0.049484597
NY Resident- Weekend - Now,44,WORK,0.048825244
NY Resident- Weekend - Now,45,WORK,0.045540408
NY Resident- Weekend - Now,46,WORK,0.044125424
NY Resident- Weekend - Now,47,WORK,0.04137717
NY Resident- Weekend - Now,48,WORK,0.039476891
NY Resident- Weekend - Now,1,OTHER,0.05847712
NY Resident- Weekend - Now,2,OTHER,0.056648631
NY Resident- Weekend - Now,3,OTHER,0.052962992
NY Resident- Weekend - Now,4,OTHER,0.052116012
NY Resident- Weekend - Now,5,OTHER,0.049752063
NY Resident- Weekend - Now,6,OTHER,0.048998743
NY Resident- Weekend - Now,7,OTHER,0.047854838
NY Resident- Weekend - Now,8,OTHER,0.047805758
NY Resident- Weekend - Now,9,OTHER,0.047188637
NY Resident- Weekend - Now,10,OTHER,0.047648026
NY Resident- Weekend - Now,11,OTHER,0.046842991
NY Resident- Weekend - Now,12,OTHER,0.048078618
NY Resident- Weekend - Now,13,OTHER,0.050469982
NY Resident- Weekend - Now,14,OTHER,0.054025292
NY Resident- Weekend - Now,15,OTHER,0.058668091
NY Resident- Weekend - Now,16,OTHER,0.062133912
NY Resident- Weekend - Now,17,OTHER,0.065871199
NY Resident- Weekend - Now,18,OTHER,0.069976816
NY Resident- Weekend - Now,19,OTHER,0.073349069
NY Resident- Weekend - Now,20,OTHER,0.077361316
NY Resident- Weekend - Now,21,OTHER,0.081947865
NY Resident- Weekend - Now,22,OTHER,0.084780685
NY Resident- Weekend - Now,23,OTHER,0.085166034
NY Resident- Weekend - Now,24,OTHER,0.086777316
NY Resident- Weekend - Now,25,OTHER,0.088546971
NY Resident- Weekend - Now,26,OTHER,0.091415841
NY Resident- Weekend - Now,27,OTHER,0.089160359
NY Resident- Weekend - Now,28,OTHER,0.091923374
NY Resident- Weekend - Now,29,OTHER,0.091703088
NY Resident- Weekend - Now,30,OTHER,0.09303665
NY Resident- Weekend - Now,31,OTHER,0.09205165
NY Resident- Weekend - Now,32,OTHER,0.092433598
NY Resident- Weekend - Now,33,OTHER,0.090247043
NY Resident- Weekend - Now,34,OTHER,0.088975913
NY Resident- Weekend - Now,35,OTHER,0.085862395
NY Resident- Weekend - Now,36,OTHER,0.086484144
NY Resident- Weekend - Now,37,OTHER,0.082537104
NY Resident- Weekend - Now,38,OTHER,0.082896724
NY Resident- Weekend - Now,39,OTHER,0.082146435
NY Resident- Weekend - Now,40,OTHER,0.086514139
NY Resident- Weekend - Now,41,OTHER,0.072627517
NY Resident- Weekend - Now,42,OTHER,0.073084558
NY Resident- Weekend - Now,43,OTHER,0.06875995
NY Resident- Weekend - Now,44,OTHER,0.068108991
NY Resident- Weekend - Now,45,OTHER,0.06418095
NY Resident- Weekend - Now,46,OTHER,0.063036658
NY Resident- Weekend - Now,47,OTHER,0.058506258
NY Resident- Weekend - Now,48,OTHER,0.056574666
NY Resident- Weekend - Now,1,SCHOOL,0
NY Resident- Weekend - Now,2,SCHOOL,0
NY Resident- Weekend - Now,3,SCHOOL,0
NY Resident- Weekend - Now,4,SCHOOL,0
NY Resident- Weekend - Now,5,SCHOOL,0
NY Resident- Weekend - Now,6,SCHOOL,0
NY Resident- Weekend - Now,7,SCHOOL,0
NY Resident- Weekend - Now,8,SCHOOL,0
NY Resident- Weekend - Now,9,SCHOOL,0
NY Resident- Weekend - Now,10,SCHOOL,0
NY Resident- Weekend - Now,11,SCHOOL,0
NY Resident- Weekend - Now,12,SCHOOL,0
NY Resident- Weekend - Now,13,SCHOOL,0
NY Resident- Weekend - Now,14,SCHOOL,0
NY Resident- Weekend - Now,15,SCHOOL,0
NY Resident- Weekend - Now,16,SCHOOL,0
NY Resident- Weekend - Now,17,SCHOOL,0
NY Resident- Weekend - Now,18,SCHOOL,0
NY Resident- Weekend - Now,19,SCHOOL,0
NY Resident- Weekend - Now,20,SCHOOL,0
NY Resident- Weekend - Now,21,SCHOOL,0
NY Resident- Weekend - Now,22,SCHOOL,0
NY Resident- Weekend - Now,23,SCHOOL,0
NY Resident- Weekend - Now,24,SCHOOL,0
NY Resident- Weekend - Now,25,SCHOOL,0
NY Resident- Weekend - Now,26,SCHOOL,0
NY Resident- Weekend - Now,27,SCHOOL,0
NY Resident- Weekend - Now,28,SCHOOL,0
NY Resident- Weekend - Now,29,SCHOOL,0
NY Resident- Weekend - Now,30,SCHOOL,0
NY Resident- Weekend - Now,31,SCHOOL,0
NY Resident- Weekend - Now,32,SCHOOL,0
NY Resident- Weekend - Now,33,SCHOOL,0
NY Resident- Weekend - Now,34,SCHOOL,0
NY Resident- Weekend - Now,35,SCHOOL,0
NY Resident- Weekend - Now,36,SCHOOL,0
NY Resident- Weekend - Now,37,SCHOOL,0
NY Resident- Weekend - Now,38,SCHOOL,0
NY Resident- Weekend - Now,39,SCHOOL,0
NY Resident- Weekend - Now,40,SCHOOL,0
NY Resident- Weekend - Now,41,SCHOOL,0
NY Resident- Weekend - Now,42,SCHOOL,0
NY Resident- Weekend - Now,43,SCHOOL,0
NY Resident- Weekend - Now,44,SCHOOL,0
NY Resident- Weekend - Now,45,SCHOOL,0
NY Resident- Weekend - Now,46,SCHOOL,0
NY Resident- Weekend - Now,47,SCHOOL,0
NY Resident- Weekend - Now,48,SCHOOL,0
NY Visitor - Weekday - Before,1,HOME,0.797925945
NY Visitor - Weekday - Before,2,HOME,0.805648014
NY Visitor - Weekday - Before,3,HOME,0.813289383
NY Visitor - Weekday - Before,4,HOME,0.818328679
NY Visitor - Weekday - Before,5,HOME,0.8220369
NY Visitor - Weekday - Before,6,HOME,0.824545597
NY Visitor - Weekday - Before,7,HOME,0.826944777
NY Visitor - Weekday - Before,8,HOME,0.827125397
NY Visitor - Weekday - Before,9,HOME,0.824489005
NY Visitor - Weekday - Before,10,HOME,0.818444411
NY Visitor - Weekday - Before,11,HOME,0.806591839
NY Visitor - Weekday - Before,12,HOME,0.788059729
NY Visitor - Weekday - Before,13,HOME,0.756416062
NY Visitor - Weekday - Before,14,HOME,0.719213676
NY Visitor - Weekday - Before,15,HOME,0.658114705
NY Visitor - Weekday - Before,16,HOME,0.583114209
NY Visitor - Weekday - Before,17,HOME,0.51420837
NY Visitor - Weekday - Before,18,HOME,0.46255092
NY Visitor - Weekday - Before,19,HOME,0.424464342
NY Visitor - Weekday - Before,20,HOME,0.400975726
NY Visitor - Weekday - Before,21,HOME,0.383281832
NY Visitor - Weekday - Before,22,HOME,0.371270308
NY Visitor - Weekday - Before,23,HOME,0.363326209
NY Visitor - Weekday - Before,24,HOME,0.357631173
NY Visitor - Weekday - Before,25,HOME,0.35655941
NY Visitor - Weekday - Before,26,HOME,0.35518603
NY Visitor - Weekday - Before,27,HOME,0.356939981
NY Visitor - Weekday - Before,28,HOME,0.359204281
NY Visitor - Weekday - Before,29,HOME,0.363554528
NY Visitor - Weekday - Before,30,HOME,0.378380456
NY Visitor - Weekday - Before,31,HOME,0.403248881
NY Visitor - Weekday - Before,32,HOME,0.428702958
NY Visitor - Weekday - Before,33,HOME,0.455063381
NY Visitor - Weekday - Before,34,HOME,0.482535344
NY Visitor - Weekday - Before,35,HOME,0.516810574
NY Visitor - Weekday - Before,36,HOME,0.543789362
NY Visitor - Weekday - Before,37,HOME,0.563677953
NY Visitor - Weekday - Before,38,HOME,0.57109092
NY Visitor - Weekday - Before,39,HOME,0.592421607
NY Visitor - Weekday - Before,40,HOME,0.60207833
NY Visitor - Weekday - Before,41,HOME,0.627009687
NY Visitor - Weekday - Before,42,HOME,0.65084929
NY Visitor - Weekday - Before,43,HOME,0.680176177
NY Visitor - Weekday - Before,44,HOME,0.702165696
NY Visitor - Weekday - Before,45,HOME,0.727528358
NY Visitor - Weekday - Before,46,HOME,0.739778312
NY Visitor - Weekday - Before,47,HOME,0.759480102
NY Visitor - Weekday - Before,48,HOME,0.767584292
NY Visitor - Weekday - Before,1,WORK,0.048188542
NY Visitor - Weekday - Before,2,WORK,0.044911173
NY Visitor - Weekday - Before,3,WORK,0.042177883
NY Visitor - Weekday - Before,4,WORK,0.040311109
NY Visitor - Weekday - Before,5,WORK,0.038952267
NY Visitor - Weekday - Before,6,WORK,0.038109959
NY Visitor - Weekday - Before,7,WORK,0.03765046
NY Visitor - Weekday - Before,8,WORK,0.037686941
NY Visitor - Weekday - Before,9,WORK,0.038883099
NY Visitor - Weekday - Before,10,WORK,0.041150357
NY Visitor - Weekday - Before,11,WORK,0.046284778
NY Visitor - Weekday - Before,12,WORK,0.054911327
NY Visitor - Weekday - Before,13,WORK,0.073785284
NY Visitor - Weekday - Before,14,WORK,0.096968166
NY Visitor - Weekday - Before,15,WORK,0.144196445
NY Visitor - Weekday - Before,16,WORK,0.208044267
NY Visitor - Weekday - Before,17,WORK,0.270535051
NY Visitor - Weekday - Before,18,WORK,0.315028674
NY Visitor - Weekday - Before,19,WORK,0.351624481
NY Visitor - Weekday - Before,20,WORK,0.369200508
NY Visitor - Weekday - Before,21,WORK,0.380342782
NY Visitor - Weekday - Before,22,WORK,0.388179544
NY Visitor - Weekday - Before,23,WORK,0.393083299
NY Visitor - Weekday - Before,24,WORK,0.393386411
NY Visitor - Weekday - Before,25,WORK,0.388962
NY Visitor - Weekday - Before,26,WORK,0.386218549
NY Visitor - Weekday - Before,27,WORK,0.388858885
NY Visitor - Weekday - Before,28,WORK,0.388820632
NY Visitor - Weekday - Before,29,WORK,0.387123451
NY Visitor - Weekday - Before,30,WORK,0.370337132
NY Visitor - Weekday - Before,31,WORK,0.347874702
NY Visitor - Weekday - Before,32,WORK,0.318654383
NY Visitor - Weekday - Before,33,WORK,0.286433142
NY Visitor - Weekday - Before,34,WORK,0.251104141
NY Visitor - Weekday - Before,35,WORK,0.202644762
NY Visitor - Weekday - Before,36,WORK,0.167414593
NY Visitor - Weekday - Before,37,WORK,0.141536467
NY Visitor - Weekday - Before,38,WORK,0.126684971
NY Visitor - Weekday - Before,39,WORK,0.111884773
NY Visitor - Weekday - Before,40,WORK,0.105856519
NY Visitor - Weekday - Before,41,WORK,0.098376775
NY Visitor - Weekday - Before,42,WORK,0.093095263
NY Visitor - Weekday - Before,43,WORK,0.085984535
NY Visitor - Weekday - Before,44,WORK,0.080122342
NY Visitor - Weekday - Before,45,WORK,0.071205548
NY Visitor - Weekday - Before,46,WORK,0.066806259
NY Visitor - Weekday - Before,47,WORK,0.059651208
NY Visitor - Weekday - Before,48,WORK,0.055775729
NY Visitor - Weekday - Before,1,OTHER,0.153885513
NY Visitor - Weekday - Before,2,OTHER,0.149440814
NY Visitor - Weekday - Before,3,OTHER,0.144532734
NY Visitor - Weekday - Before,4,OTHER,0.141360211
NY Visitor - Weekday - Before,5,OTHER,0.139010833
NY Visitor - Weekday - Before,6,OTHER,0.137344444
NY Visitor - Weekday - Before,7,OTHER,0.135404763
NY Visitor - Weekday - Before,8,OTHER,0.135187662
NY Visitor - Weekday - Before,9,OTHER,0.136627897
NY Visitor - Weekday - Before,10,OTHER,0.140405232
NY Visitor - Weekday - Before,11,OTHER,0.147123383
NY Visitor - Weekday - Before,12,OTHER,0.157028944
NY Visitor - Weekday - Before,13,OTHER,0.169798654
NY Visitor - Weekday - Before,14,OTHER,0.183818158
NY Visitor - Weekday - Before,15,OTHER,0.19768885
NY Visitor - Weekday - Before,16,OTHER,0.208841524
NY Visitor - Weekday - Before,17,OTHER,0.215256578
NY Visitor - Weekday - Before,18,OTHER,0.222420406
NY Visitor - Weekday - Before,19,OTHER,0.223911177
NY Visitor - Weekday - Before,20,OTHER,0.229823766
NY Visitor - Weekday - Before,21,OTHER,0.236375386
NY Visitor - Weekday - Before,22,OTHER,0.240550148
NY Visitor - Weekday - Before,23,OTHER,0.243590492
NY Visitor - Weekday - Before,24,OTHER,0.248982416
NY Visitor - Weekday - Before,25,OTHER,0.254478589
NY Visitor - Weekday - Before,26,OTHER,0.25859542
NY Visitor - Weekday - Before,27,OTHER,0.254201134
NY Visitor - Weekday - Before,28,OTHER,0.251975088
NY Visitor - Weekday - Before,29,OTHER,0.249322021
NY Visitor - Weekday - Before,30,OTHER,0.251282412
NY Visitor - Weekday - Before,31,OTHER,0.248876417
NY Visitor - Weekday - Before,32,OTHER,0.252642659
NY Visitor - Weekday - Before,33,OTHER,0.258503478
NY Visitor - Weekday - Before,34,OTHER,0.266360515
NY Visitor - Weekday - Before,35,OTHER,0.280544664
NY Visitor - Weekday - Before,36,OTHER,0.288796045
NY Visitor - Weekday - Before,37,OTHER,0.29478558
NY Visitor - Weekday - Before,38,OTHER,0.302224109
NY Visitor - Weekday - Before,39,OTHER,0.29569362
NY Visitor - Weekday - Before,40,OTHER,0.292065152
NY Visitor - Weekday - Before,41,OTHER,0.274613538
NY Visitor - Weekday - Before,42,OTHER,0.256055447
NY Visitor - Weekday - Before,43,OTHER,0.233839288
NY Visitor - Weekday - Before,44,OTHER,0.217711962
NY Visitor - Weekday - Before,45,OTHER,0.201266094
NY Visitor - Weekday - Before,46,OTHER,0.193415429
NY Visitor - Weekday - Before,47,OTHER,0.18086869
NY Visitor - Weekday - Before,48,OTHER,0.176639979
NY Visitor - Weekday - Before,1,SCHOOL,0
NY Visitor - Weekday - Before,2,SCHOOL,0
NY Visitor - Weekday - Before,3,SCHOOL,0
NY Visitor - Weekday - Before,4,SCHOOL,0
NY Visitor - Weekday - Before,5,SCHOOL,0
NY Visitor - Weekday - Before,6,SCHOOL,0
NY Visitor - Weekday - Before,7,SCHOOL,0
NY Visitor - Weekday - Before,8,SCHOOL,0
NY Visitor - Weekday - Before,9,SCHOOL,0
NY Visitor - Weekday - Before,10,SCHOOL,0
NY Visitor - Weekday - Before,11,SCHOOL,0
NY Visitor - Weekday - Before,12,SCHOOL,0
NY Visitor - Weekday - Before,13,SCHOOL,0
NY Visitor - Weekday - Before,14,SCHOOL,0
NY Visitor - Weekday - Before,15,SCHOOL,0
NY Visitor - Weekday - Before,16,SCHOOL,0
NY Visitor - Weekday - Before,17,SCHOOL,0
NY Visitor - Weekday - Before,18,SCHOOL,0
NY Visitor - Weekday - Before,19,SCHOOL,0
NY Visitor - Weekday - Before,20,SCHOOL,0
NY Visitor - Weekday - Before,21,SCHOOL,0
NY Visitor - Weekday - Before,22,SCHOOL,0
NY Visitor - Weekday - Before,23,SCHOOL,0
NY Visitor - Weekday - Before,24,SCHOOL,0
NY Visitor - Weekday - Before,25,SCHOOL,0
NY Visitor - Weekday - Before,26,SCHOOL,0
NY Visitor - Weekday - Before,27,SCHOOL,0
NY Visitor - Weekday - Before,28,SCHOOL,0
NY Visitor - Weekday - Before,29,SCHOOL,0
NY Visitor - Weekday - Before,30,SCHOOL,0
NY Visitor - Weekday - Before,31,SCHOOL,0
NY Visitor - Weekday - Before,32,SCHOOL,0
NY Visitor - Weekday - Before,33,SCHOOL,0
NY Visitor - Weekday - Before,34,SCHOOL,0
NY Visitor - Weekday - Before,35,SCHOOL,0
NY Visitor - Weekday - Before,36,SCHOOL,0
NY Visitor - Weekday - Before,37,SCHOOL,0
NY Visitor - Weekday - Before,38,SCHOOL,0
NY Visitor - Weekday - Before,39,SCHOOL,0
NY Visitor - Weekday - Before,40,SCHOOL,0
NY Visitor - Weekday - Before,41,SCHOOL,0
NY Visitor - Weekday - Before,42,SCHOOL,0
NY Visitor - Weekday - Before,43,SCHOOL,0
NY Visitor - Weekday - Before,44,SCHOOL,0
NY Visitor - Weekday - Before,45,SCHOOL,0
NY Visitor - Weekday - Before,46,SCHOOL,0
NY Visitor - Weekday - Before,47,SCHOOL,0
NY Visitor - Weekday - Before,48,SCHOOL,0
NY Visitor - Weekday - Now,1,HOME,0.804259589
NY Visitor - Weekday - Now,2,HOME,0.806241201
NY Visitor - Weekday - Now,3,HOME,0.812639148
NY Visitor - Weekday - Now,4,HOME,0.814748694
NY Visitor - Weekday - Now,5,HOME,0.819270775
NY Visitor - Weekday - Now,6,HOME,0.82024629
NY Visitor - Weekday - Now,7,HOME,0.822777855
NY Visitor - Weekday - Now,8,HOME,0.82237667
NY Visitor - Weekday - Now,9,HOME,0.823097991
NY Visitor - Weekday - Now,10,HOME,0.820111081
NY Visitor - Weekday - Now,11,HOME,0.815354922
NY Visitor - Weekday - Now,12,HOME,0.805397325
NY Visitor - Weekday - Now,13,HOME,0.786770784
NY Visitor - Weekday - Now,14,HOME,0.766270918
NY Visitor - Weekday - Now,15,HOME,0.741714262
NY Visitor - Weekday - Now,16,HOME,0.719404946
NY Visitor - Weekday - Now,17,HOME,0.694647171
NY Visitor - Weekday - Now,18,HOME,0.675329423
NY Visitor - Weekday - Now,19,HOME,0.661724869
NY Visitor - Weekday - Now,20,HOME,0.650514358
NY Visitor - Weekday - Now,21,HOME,0.643684423
NY Visitor - Weekday - Now,22,HOME,0.635963755
NY Visitor - Weekday - Now,23,HOME,0.634442585
NY Visitor - Weekday - Now,24,HOME,0.628311039
NY Visitor - Weekday - Now,25,HOME,0.627276591
NY Visitor - Weekday - Now,26,HOME,0.625234702
NY Visitor - Weekday - Now,27,HOME,0.628256495
NY Visitor - Weekday - Now,28,HOME,0.626913465
NY Visitor - Weekday - Now,29,HOME,0.629610342
NY Visitor - Weekday - Now,30,HOME,0.631192214
NY Visitor - Weekday - Now,31,HOME,0.639606369
NY Visitor - Weekday - Now,32,HOME,0.648181745
NY Visitor - Weekday - Now,33,HOME,0.665074609
NY Visitor - Weekday - Now,34,HOME,0.676720867
NY Visitor - Weekday - Now,35,HOME,0.698894976
NY Visitor - Weekday - Now,36,HOME,0.708330447
NY Visitor - Weekday - Now,37,HOME,0.71839296
NY Visitor - Weekday - Now,38,HOME,0.719043968
NY Visitor - Weekday - Now,39,HOME,0.727896907
NY Visitor - Weekday - Now,40,HOME,0.72420907
NY Visitor - Weekday - Now,41,HOME,0.749944382
NY Visitor - Weekday - Now,42,HOME,0.751638952
NY Visitor - Weekday - Now,43,HOME,0.761500822
NY Visitor - Weekday - Now,44,HOME,0.763526617
NY Visitor - Weekday - Now,45,HOME,0.776229609
NY Visitor - Weekday - Now,46,HOME,0.777740063
NY Visitor - Weekday - Now,47,HOME,0.787659479
NY Visitor - Weekday - Now,48,HOME,0.791586672
NY Visitor - Weekday - Now,1,WORK,0.068348529
NY Visitor - Weekday - Now,2,WORK,0.067243534
NY Visitor - Weekday - Now,3,WORK,0.064930475
NY Visitor - Weekday - Now,4,WORK,0.06403423
NY Visitor - Weekday - Now,5,WORK,0.061974371
NY Visitor - Weekday - Now,6,WORK,0.061279167
NY Visitor - Weekday - Now,7,WORK,0.06050465
NY Visitor - Weekday - Now,8,WORK,0.060354001
NY Visitor - Weekday - Now,9,WORK,0.060724959
NY Visitor - Weekday - Now,10,WORK,0.062177633
NY Visitor - Weekday - Now,11,WORK,0.064887014
NY Visitor - Weekday - Now,12,WORK,0.070545717
NY Visitor - Weekday - Now,13,WORK,0.082423267
NY Visitor - Weekday - Now,14,WORK,0.096660517
NY Visitor - Weekday - Now,15,WORK,0.117994907
NY Visitor - Weekday - Now,16,WORK,0.13516147
NY Visitor - Weekday - Now,17,WORK,0.15649435
NY Visitor - Weekday - Now,18,WORK,0.171143967
NY Visitor - Weekday - Now,19,WORK,0.18569633
NY Visitor - Weekday - Now,20,WORK,0.192578921
NY Visitor - Weekday - Now,21,WORK,0.19755293
NY Visitor - Weekday - Now,22,WORK,0.201181804
NY Visitor - Weekday - Now,23,WORK,0.203444335
NY Visitor - Weekday - Now,24,WORK,0.205507054
NY Visitor - Weekday - Now,25,WORK,0.20505618
NY Visitor - Weekday - Now,26,WORK,0.205526149
NY Visitor - Weekday - Now,27,WORK,0.204538537
NY Visitor - Weekday - Now,28,WORK,0.203916311
NY Visitor - Weekday - Now,29,WORK,0.202773707
NY Visitor - Weekday - Now,30,WORK,0.199092176
NY Visitor - Weekday - Now,31,WORK,0.193017515
NY Visitor - Weekday - Now,32,WORK,0.183422547
NY Visitor - Weekday - Now,33,WORK,0.170116814
NY Visitor - Weekday - Now,34,WORK,0.156014081
NY Visitor - Weekday - Now,35,WORK,0.133286899
NY Visitor - Weekday - Now,36,WORK,0.120461162
NY Visitor - Weekday - Now,37,WORK,0.1114167
NY Visitor - Weekday - Now,38,WORK,0.107341096
NY Visitor - Weekday - Now,39,WORK,0.102625107
NY Visitor - Weekday - Now,40,WORK,0.101732113
NY Visitor - Weekday - Now,41,WORK,0.093667818
NY Visitor - Weekday - Now,42,WORK,0.092359133
NY Visitor - Weekday - Now,43,WORK,0.08787741
NY Visitor - Weekday - Now,44,WORK,0.086156146
NY Visitor - Weekday - Now,45,WORK,0.080198108
NY Visitor - Weekday - Now,46,WORK,0.078819562
NY Visitor - Weekday - Now,47,WORK,0.074730592
NY Visitor - Weekday - Now,48,WORK,0.07260855
NY Visitor - Weekday - Now,1,OTHER,0.127391882
NY Visitor - Weekday - Now,2,OTHER,0.126515265
NY Visitor - Weekday - Now,3,OTHER,0.122430377
NY Visitor - Weekday - Now,4,OTHER,0.121217076
NY Visitor - Weekday - Now,5,OTHER,0.118754854
NY Visitor - Weekday - Now,6,OTHER,0.118474542
NY Visitor - Weekday - Now,7,OTHER,0.116717495
NY Visitor - Weekday - Now,8,OTHER,0.117269329
NY Visitor - Weekday - Now,9,OTHER,0.11617705
NY Visitor - Weekday - Now,10,OTHER,0.117711286
NY Visitor - Weekday - Now,11,OTHER,0.119758064
NY Visitor - Weekday - Now,12,OTHER,0.124056957
NY Visitor - Weekday - Now,13,OTHER,0.130805948
NY Visitor - Weekday - Now,14,OTHER,0.137068565
NY Visitor - Weekday - Now,15,OTHER,0.140290831
NY Visitor - Weekday - Now,16,OTHER,0.145433583
NY Visitor - Weekday - Now,17,OTHER,0.148858479
NY Visitor - Weekday - Now,18,OTHER,0.15352661
NY Visitor - Weekday - Now,19,OTHER,0.1525788
NY Visitor - Weekday - Now,20,OTHER,0.156906721
NY Visitor - Weekday - Now,21,OTHER,0.158762647
NY Visitor - Weekday - Now,22,OTHER,0.162854441
NY Visitor - Weekday - Now,23,OTHER,0.16211308
NY Visitor - Weekday - Now,24,OTHER,0.166181907
NY Visitor - Weekday - Now,25,OTHER,0.167667229
NY Visitor - Weekday - Now,26,OTHER,0.16923915
NY Visitor - Weekday - Now,27,OTHER,0.167204968
NY Visitor - Weekday - Now,28,OTHER,0.169170224
NY Visitor - Weekday - Now,29,OTHER,0.167615951
NY Visitor - Weekday - Now,30,OTHER,0.16971561
NY Visitor - Weekday - Now,31,OTHER,0.167376116
NY Visitor - Weekday - Now,32,OTHER,0.168395707
NY Visitor - Weekday - Now,33,OTHER,0.164808577
NY Visitor - Weekday - Now,34,OTHER,0.167265052
NY Visitor - Weekday - Now,35,OTHER,0.167818125
NY Visitor - Weekday - Now,36,OTHER,0.171208391
NY Visitor - Weekday - Now,37,OTHER,0.17019034
NY Visitor - Weekday - Now,38,OTHER,0.173614937
NY Visitor - Weekday - Now,39,OTHER,0.169477986
NY Visitor - Weekday - Now,40,OTHER,0.174058817
NY Visitor - Weekday - Now,41,OTHER,0.156387801
NY Visitor - Weekday - Now,42,OTHER,0.156001915
NY Visitor - Weekday - Now,43,OTHER,0.150621768
NY Visitor - Weekday - Now,44,OTHER,0.150317237
NY Visitor - Weekday - Now,45,OTHER,0.143572284
NY Visitor - Weekday - Now,46,OTHER,0.143440375
NY Visitor - Weekday - Now,47,OTHER,0.137609928
NY Visitor - Weekday - Now,48,OTHER,0.135804778
NY Visitor - Weekday - Now,1,SCHOOL,0
NY Visitor - Weekday - Now,2,SCHOOL,0
NY Visitor - Weekday - Now,3,SCHOOL,0
NY Visitor - Weekday - Now,4,SCHOOL,0
NY Visitor - Weekday - Now,5,SCHOOL,0
NY Visitor - Weekday - Now,6,SCHOOL,0
NY Visitor - Weekday - Now,7,SCHOOL,0
NY Visitor - Weekday - Now,8,SCHOOL,0
NY Visitor - Weekday - Now,9,SCHOOL,0
NY Visitor - Weekday - Now,10,SCHOOL,0
NY Visitor - Weekday - Now,11,SCHOOL,0
NY Visitor - Weekday - Now,12,SCHOOL,0
NY Visitor - Weekday - Now,13,SCHOOL,0
NY Visitor - Weekday - Now,14,SCHOOL,0
NY Visitor - Weekday - Now,15,SCHOOL,0
NY Visitor - Weekday - Now,16,SCHOOL,0
NY Visitor - Weekday - Now,17,SCHOOL,0
NY Visitor - Weekday - Now,18,SCHOOL,0
NY Visitor - Weekday - Now,19,SCHOOL,0
NY Visitor - Weekday - Now,20,SCHOOL,0
NY Visitor - Weekday - Now,21,SCHOOL,0
NY Visitor - Weekday - Now,22,SCHOOL,0
NY Visitor - Weekday - Now,23,SCHOOL,0
NY Visitor - Weekday - Now,24,SCHOOL,0
NY Visitor - Weekday - Now,25,SCHOOL,0
NY Visitor - Weekday - Now,26,SCHOOL,0
NY Visitor - Weekday - Now,27,SCHOOL,0
NY Visitor - Weekday - Now,28,SCHOOL,0
NY Visitor - Weekday - Now,29,SCHOOL,0
NY Visitor - Weekday - Now,30,SCHOOL,0
NY Visitor - Weekday - Now,31,SCHOOL,0
NY Visitor - Weekday - Now,32,SCHOOL,0
NY Visitor - Weekday - Now,33,SCHOOL,0
NY Visitor - Weekday - Now,34,SCHOOL,0
NY Visitor - Weekday - Now,35,SCHOOL,0
NY Visitor - Weekday - Now,36,SCHOOL,0
NY Visitor - Weekday - Now,37,SCHOOL,0
NY Visitor - Weekday - Now,38,SCHOOL,0
NY Visitor - Weekday - Now,39,SCHOOL,0
NY Visitor - Weekday - Now,40,SCHOOL,0
NY Visitor - Weekday - Now,41,SCHOOL,0
NY Visitor - Weekday - Now,42,SCHOOL,0
NY Visitor - Weekday - Now,43,SCHOOL,0
NY Visitor - Weekday - Now,44,SCHOOL,0
NY Visitor - Weekday - Now,45,SCHOOL,0
NY Visitor - Weekday - Now,46,SCHOOL,0
NY Visitor - Weekday - Now,47,SCHOOL,0
NY Visitor - Weekday - Now,48,SCHOOL,0
NY Visitor - Weekend - Before,1,HOME,0.724103594
NY Visitor - Weekend - Before,2,HOME,0.737088056
NY Visitor - Weekend - Before,3,HOME,0.751507158
NY Visitor - Weekend - Before,4,HOME,0.760547744
NY Visitor - Weekend - Before,5,HOME,0.770572638
NY Visitor - Weekend - Before,6,HOME,0.77620796
NY Visitor - Weekend - Before,7,HOME,0.77803643
NY Visitor - Weekend - Before,8,HOME,0.781145485
NY Visitor - Weekend - Before,9,HOME,0.78316546
NY Visitor - Weekend - Before,10,HOME,0.783337256
NY Visitor - Weekend - Before,11,HOME,0.781372824
NY Visitor - Weekend - Before,12,HOME,0.776845093
NY Visitor - Weekend - Before,13,HOME,0.768742813
NY Visitor - Weekend - Before,14,HOME,0.758523566
NY Visitor - Weekend - Before,15,HOME,0.744373834
NY Visitor - Weekend - Before,16,HOME,0.72931047
NY Visitor - Weekend - Before,17,HOME,0.710202784
NY Visitor - Weekend - Before,18,HOME,0.690498132
NY Visitor - Weekend - Before,19,HOME,0.665059071
NY Visitor - Weekend - Before,20,HOME,0.641609101
NY Visitor - Weekend - Before,21,HOME,0.612558863
NY Visitor - Weekend - Before,22,HOME,0.591891091
NY Visitor - Weekend - Before,23,HOME,0.575349197
NY Visitor - Weekend - Before,24,HOME,0.563174356
NY Visitor - Weekend - Before,25,HOME,0.557868298
NY Visitor - Weekend - Before,26,HOME,0.552290482
NY Visitor - Weekend - Before,27,HOME,0.550649596
NY Visitor - Weekend - Before,28,HOME,0.549047036
NY Visitor - Weekend - Before,29,HOME,0.550327479
NY Visitor - Weekend - Before,30,HOME,0.553363444
NY Visitor - Weekend - Before,31,HOME,0.559115678
NY Visitor - Weekend - Before,32,HOME,0.562461446
NY Visitor - Weekend - Before,33,HOME,0.565930566
NY Visitor - Weekend - Before,34,HOME,0.566734523
NY Visitor - Weekend - Before,35,HOME,0.567560967
NY Visitor - Weekend - Before,36,HOME,0.567611075
NY Visitor - Weekend - Before,37,HOME,0.577741128
NY Visitor - Weekend - Before,38,HOME,0.579288364
NY Visitor - Weekend - Before,39,HOME,0.602874214
NY Visitor - Weekend - Before,40,HOME,0.609667902
NY Visitor - Weekend - Before,41,HOME,0.626463489
NY Visitor - Weekend - Before,42,HOME,0.642875216
NY Visitor - Weekend - Before,43,HOME,0.664150499
NY Visitor - Weekend - Before,44,HOME,0.682049962
NY Visitor - Weekend - Before,45,HOME,0.704064302
NY Visitor - Weekend - Before,46,HOME,0.719089475
NY Visitor - Weekend - Before,47,HOME,0.736409307
NY Visitor - Weekend - Before,48,HOME,0.74617261
NY Visitor - Weekend - Before,1,WORK,0.052422094
NY Visitor - Weekend - Before,2,WORK,0.048603889
NY Visitor - Weekend - Before,3,WORK,0.044233846
NY Visitor - Weekend - Before,4,WORK,0.041888414
NY Visitor - Weekend - Before,5,WORK,0.039370095
NY Visitor - Weekend - Before,6,WORK,0.037909056
NY Visitor - Weekend - Before,7,WORK,0.037759586
NY Visitor - Weekend - Before,8,WORK,0.037130569
NY Visitor - Weekend - Before,9,WORK,0.036972341
NY Visitor - Weekend - Before,10,WORK,0.037129433
NY Visitor - Weekend - Before,11,WORK,0.038617677
NY Visitor - Weekend - Before,12,WORK,0.041019856
NY Visitor - Weekend - Before,13,WORK,0.045978438
NY Visitor - Weekend - Before,14,WORK,0.050812092
NY Visitor - Weekend - Before,15,WORK,0.058154973
NY Visitor - Weekend - Before,16,WORK,0.063852146
NY Visitor - Weekend - Before,17,WORK,0.070781721
NY Visitor - Weekend - Before,18,WORK,0.076832325
NY Visitor - Weekend - Before,19,WORK,0.083565486
NY Visitor - Weekend - Before,20,WORK,0.088941666
NY Visitor - Weekend - Before,21,WORK,0.097459464
NY Visitor - Weekend - Before,22,WORK,0.101630907
NY Visitor - Weekend - Before,23,WORK,0.104551254
NY Visitor - Weekend - Before,24,WORK,0.106812842
NY Visitor - Weekend - Before,25,WORK,0.107695174
NY Visitor - Weekend - Before,26,WORK,0.107877119
NY Visitor - Weekend - Before,27,WORK,0.107240245
NY Visitor - Weekend - Before,28,WORK,0.107180551
NY Visitor - Weekend - Before,29,WORK,0.106425697
NY Visitor - Weekend - Before,30,WORK,0.105245657
NY Visitor - Weekend - Before,31,WORK,0.104477691
NY Visitor - Weekend - Before,32,WORK,0.103624397
NY Visitor - Weekend - Before,33,WORK,0.101877763
NY Visitor - Weekend - Before,34,WORK,0.101074876
NY Visitor - Weekend - Before,35,WORK,0.098840722
NY Visitor - Weekend - Before,36,WORK,0.096232705
NY Visitor - Weekend - Before,37,WORK,0.089749612
NY Visitor - Weekend - Before,38,WORK,0.08771777
NY Visitor - Weekend - Before,39,WORK,0.079529483
NY Visitor - Weekend - Before,40,WORK,0.078236406
NY Visitor - Weekend - Before,41,WORK,0.075580081
NY Visitor - Weekend - Before,42,WORK,0.074037041
NY Visitor - Weekend - Before,43,WORK,0.070479264
NY Visitor - Weekend - Before,44,WORK,0.067452939
NY Visitor - Weekend - Before,45,WORK,0.062023215
NY Visitor - Weekend - Before,46,WORK,0.05927784
NY Visitor - Weekend - Before,47,WORK,0.054469644
NY Visitor - Weekend - Before,48,WORK,0.051858646
NY Visitor - Weekend - Before,1,OTHER,0.223474312
NY Visitor - Weekend - Before,2,OTHER,0.214308055
NY Visitor - Weekend - Before,3,OTHER,0.204258996
NY Visitor - Weekend - Before,4,OTHER,0.197563842
NY Visitor - Weekend - Before,5,OTHER,0.190057267
NY Visitor - Weekend - Before,6,OTHER,0.185882984
NY Visitor - Weekend - Before,7,OTHER,0.184203984
NY Visitor - Weekend - Before,8,OTHER,0.181723945
NY Visitor - Weekend - Before,9,OTHER,0.179862199
NY Visitor - Weekend - Before,10,OTHER,0.179533311
NY Visitor - Weekend - Before,11,OTHER,0.180009499
NY Visitor - Weekend - Before,12,OTHER,0.182135051
NY Visitor - Weekend - Before,13,OTHER,0.185278749
NY Visitor - Weekend - Before,14,OTHER,0.190664342
NY Visitor - Weekend - Before,15,OTHER,0.197471193
NY Visitor - Weekend - Before,16,OTHER,0.206837385
NY Visitor - Weekend - Before,17,OTHER,0.219015495
NY Visitor - Weekend - Before,18,OTHER,0.232669543
NY Visitor - Weekend - Before,19,OTHER,0.251375442
NY Visitor - Weekend - Before,20,OTHER,0.269449233
NY Visitor - Weekend - Before,21,OTHER,0.289981674
NY Visitor - Weekend - Before,22,OTHER,0.306478002
NY Visitor - Weekend - Before,23,OTHER,0.320099549
NY Visitor - Weekend - Before,24,OTHER,0.330012802
NY Visitor - Weekend - Before,25,OTHER,0.334436528
NY Visitor - Weekend - Before,26,OTHER,0.339832399
NY Visitor - Weekend - Before,27,OTHER,0.342110159
NY Visitor - Weekend - Before,28,OTHER,0.343772413
NY Visitor - Weekend - Before,29,OTHER,0.343246824
NY Visitor - Weekend - Before,30,OTHER,0.341390899
NY Visitor - Weekend - Before,31,OTHER,0.336406631
NY Visitor - Weekend - Before,32,OTHER,0.333914156
NY Visitor - Weekend - Before,33,OTHER,0.332191671
NY Visitor - Weekend - Before,34,OTHER,0.332190601
NY Visitor - Weekend - Before,35,OTHER,0.33359831
NY Visitor - Weekend - Before,36,OTHER,0.33615622
NY Visitor - Weekend - Before,37,OTHER,0.332509259
NY Visitor - Weekend - Before,38,OTHER,0.332993866
NY Visitor - Weekend - Before,39,OTHER,0.317596303
NY Visitor - Weekend - Before,40,OTHER,0.312095692
NY Visitor - Weekend - Before,41,OTHER,0.29795643
NY Visitor - Weekend - Before,42,OTHER,0.283087743
NY Visitor - Weekend - Before,43,OTHER,0.265370237
NY Visitor - Weekend - Before,44,OTHER,0.2504971
NY Visitor - Weekend - Before,45,OTHER,0.233912483
NY Visitor - Weekend - Before,46,OTHER,0.221632685
NY Visitor - Weekend - Before,47,OTHER,0.209121049
NY Visitor - Weekend - Before,48,OTHER,0.201968744
NY Visitor - Weekend - Before,1,SCHOOL,0
NY Visitor - Weekend - Before,2,SCHOOL,0
NY Visitor - Weekend - Before,3,SCHOOL,0
NY Visitor - Weekend - Before,4,SCHOOL,0
NY Visitor - Weekend - Before,5,SCHOOL,0
NY Visitor - Weekend - Before,6,SCHOOL,0
NY Visitor - Weekend - Before,7,SCHOOL,0
NY Visitor - Weekend - Before,8,SCHOOL,0
NY Visitor - Weekend - Before,9,SCHOOL,0
NY Visitor - Weekend - Before,10,SCHOOL,0
NY Visitor - Weekend - Before,11,SCHOOL,0
NY Visitor - Weekend - Before,12,SCHOOL,0
NY Visitor - Weekend - Before,13,SCHOOL,0
NY Visitor - Weekend - Before,14,SCHOOL,0
NY Visitor - Weekend - Before,15,SCHOOL,0
NY Visitor - Weekend - Before,16,SCHOOL,0
NY Visitor - Weekend - Before,17,SCHOOL,0
NY Visitor - Weekend - Before,18,SCHOOL,0
NY Visitor - Weekend - Before,19,SCHOOL,0
NY Visitor - Weekend - Before,20,SCHOOL,0
NY Visitor - Weekend - Before,21,SCHOOL,0
NY Visitor - Weekend - Before,22,SCHOOL,0
NY Visitor - Weekend - Before,23,SCHOOL,0
NY Visitor - Weekend - Before,24,SCHOOL,0
NY Visitor - Weekend - Before,25,SCHOOL,0
NY Visitor - Weekend - Before,26,SCHOOL,0
NY Visitor - Weekend - Before,27,SCHOOL,0
NY Visitor - Weekend - Before,28,SCHOOL,0
NY Visitor - Weekend - Before,29,SCHOOL,0
NY Visitor - Weekend - Before,30,SCHOOL,0
NY Visitor - Weekend - Before,31,SCHOOL,0
NY Visitor - Weekend - Before,32,SCHOOL,0
NY Visitor - Weekend - Before,33,SCHOOL,0
NY Visitor - Weekend - Before,34,SCHOOL,0
NY Visitor - Weekend - Before,35,SCHOOL,0
NY Visitor - Weekend - Before,36,SCHOOL,0
NY Visitor - Weekend - Before,37,SCHOOL,0
NY Visitor - Weekend - Before,38,SCHOOL,0
NY Visitor - Weekend - Before,39,SCHOOL,0
NY Visitor - Weekend - Before,40,SCHOOL,0
NY Visitor - Weekend - Before,41,SCHOOL,0
NY Visitor - Weekend - Before,42,SCHOOL,0
NY Visitor - Weekend - Before,43,SCHOOL,0
NY Visitor - Weekend - Before,44,SCHOOL,0
NY Visitor - Weekend - Before,45,SCHOOL,0
NY Visitor - Weekend - Before,46,SCHOOL,0
NY Visitor - Weekend - Before,47,SCHOOL,0
NY Visitor - Weekend - Before,48,SCHOOL,0
NY Visitor - Weekend - Now,1,HOME,0.793083295
NY Visitor - Weekend - Now,2,HOME,0.795882387
NY Visitor - Weekend - Now,3,HOME,0.80661625
NY Visitor - Weekend - Now,4,HOME,0.808141675
NY Visitor - Weekend - Now,5,HOME,0.814938153
NY Visitor - Weekend - Now,6,HOME,0.81616255
NY Visitor - Weekend - Now,7,HOME,0.820648289
NY Visitor - Weekend - Now,8,HOME,0.82158269
NY Visitor - Weekend - Now,9,HOME,0.823626107
NY Visitor - Weekend - Now,10,HOME,0.822823048
NY Visitor - Weekend - Now,11,HOME,0.823780826
NY Visitor - Weekend - Now,12,HOME,0.820306663
NY Visitor - Weekend - Now,13,HOME,0.815496722
NY Visitor - Weekend - Now,14,HOME,0.808565587
NY Visitor - Weekend - Now,15,HOME,0.798691217
NY Visitor - Weekend - Now,16,HOME,0.79235689
NY Visitor - Weekend - Now,17,HOME,0.784814021
NY Visitor - Weekend - Now,18,HOME,0.77581481
NY Visitor - Weekend - Now,19,HOME,0.76996034
NY Visitor - Weekend - Now,20,HOME,0.76076029
NY Visitor - Weekend - Now,21,HOME,0.74790194
NY Visitor - Weekend - Now,22,HOME,0.737457129
NY Visitor - Weekend - Now,23,HOME,0.735218488
NY Visitor - Weekend - Now,24,HOME,0.727758478
NY Visitor - Weekend - Now,25,HOME,0.725746612
NY Visitor - Weekend - Now,26,HOME,0.718188505
NY Visitor - Weekend - Now,27,HOME,0.721154157
NY Visitor - Weekend - Now,28,HOME,0.716089601
NY Visitor - Weekend - Now,29,HOME,0.718286807
NY Visitor - Weekend - Now,30,HOME,0.714372783
NY Visitor - Weekend - Now,31,HOME,0.716662899
NY Visitor - Weekend - Now,32,HOME,0.715767838
NY Visitor - Weekend - Now,33,HOME,0.722003977
NY Visitor - Weekend - Now,34,HOME,0.72180461
NY Visitor - Weekend - Now,35,HOME,0.732094765
NY Visitor - Weekend - Now,36,HOME,0.729784732
NY Visitor - Weekend - Now,37,HOME,0.733818182
NY Visitor - Weekend - Now,38,HOME,0.728845003
NY Visitor - Weekend - Now,39,HOME,0.73457562
NY Visitor - Weekend - Now,40,HOME,0.724976019
NY Visitor - Weekend - Now,41,HOME,0.755761702
NY Visitor - Weekend - Now,42,HOME,0.753943751
NY Visitor - Weekend - Now,43,HOME,0.76482644
NY Visitor - Weekend - Now,44,HOME,0.765609781
NY Visitor - Weekend - Now,45,HOME,0.776942049
NY Visitor - Weekend - Now,46,HOME,0.778729529
NY Visitor - Weekend - Now,47,HOME,0.791709769
NY Visitor - Weekend - Now,48,HOME,0.794786902
NY Visitor - Weekend - Now,1,WORK,0.069107757
NY Visitor - Weekend - Now,2,WORK,0.068413269
NY Visitor - Weekend - Now,3,WORK,0.063995359
NY Visitor - Weekend - Now,4,WORK,0.063061799
NY Visitor - Weekend - Now,5,WORK,0.061328931
NY Visitor - Weekend - Now,6,WORK,0.060691139
NY Visitor - Weekend - Now,7,WORK,0.059707048
NY Visitor - Weekend - Now,8,WORK,0.05920805
NY Visitor - Weekend - Now,9,WORK,0.058779977
NY Visitor - Weekend - Now,10,WORK,0.059322351
NY Visitor - Weekend - Now,11,WORK,0.05954054
NY Visitor - Weekend - Now,12,WORK,0.061571547
NY Visitor - Weekend - Now,13,WORK,0.06428033
NY Visitor - Weekend - Now,14,WORK,0.067886531
NY Visitor - Weekend - Now,15,WORK,0.073035667
NY Visitor - Weekend - Now,16,WORK,0.076793234
NY Visitor - Weekend - Now,17,WORK,0.081079355
NY Visitor - Weekend - Now,18,WORK,0.084823926
NY Visitor - Weekend - Now,19,WORK,0.087804035
NY Visitor - Weekend - Now,20,WORK,0.090871052
NY Visitor - Weekend - Now,21,WORK,0.097301196
NY Visitor - Weekend - Now,22,WORK,0.100987699
NY Visitor - Weekend - Now,23,WORK,0.101771716
NY Visitor - Weekend - Now,24,WORK,0.103634389
NY Visitor - Weekend - Now,25,WORK,0.103347704
NY Visitor - Weekend - Now,26,WORK,0.105533732
NY Visitor - Weekend - Now,27,WORK,0.103803593
NY Visitor - Weekend - Now,28,WORK,0.105028969
NY Visitor - Weekend - Now,29,WORK,0.103318863
NY Visitor - Weekend - Now,30,WORK,0.103531513
NY Visitor - Weekend - Now,31,WORK,0.10189252
NY Visitor - Weekend - Now,32,WORK,0.100487
NY Visitor - Weekend - Now,33,WORK,0.098089531
NY Visitor - Weekend - Now,34,WORK,0.096912598
NY Visitor - Weekend - Now,35,WORK,0.092855074
NY Visitor - Weekend - Now,36,WORK,0.092268048
NY Visitor - Weekend - Now,37,WORK,0.090538843
NY Visitor - Weekend - Now,38,WORK,0.091048776
NY Visitor - Weekend - Now,39,WORK,0.089547308
NY Visitor - Weekend - Now,40,WORK,0.09216695
NY Visitor - Weekend - Now,41,WORK,0.082794904
NY Visitor - Weekend - Now,42,WORK,0.083312506
NY Visitor - Weekend - Now,43,WORK,0.080228428
NY Visitor - Weekend - Now,44,WORK,0.07973114
NY Visitor - Weekend - Now,45,WORK,0.075322845
NY Visitor - Weekend - Now,46,WORK,0.074544064
NY Visitor - Weekend - Now,47,WORK,0.070610008
NY Visitor - Weekend - Now,48,WORK,0.069283559
NY Visitor - Weekend - Now,1,OTHER,0.137808948
NY Visitor - Weekend - Now,2,OTHER,0.135704344
NY Visitor - Weekend - Now,3,OTHER,0.129388391
NY Visitor - Weekend - Now,4,OTHER,0.128796527
NY Visitor - Weekend - Now,5,OTHER,0.123732916
NY Visitor - Weekend - Now,6,OTHER,0.123146311
NY Visitor - Weekend - Now,7,OTHER,0.119644663
NY Visitor - Weekend - Now,8,OTHER,0.11920926
NY Visitor - Weekend - Now,9,OTHER,0.117593917
NY Visitor - Weekend - Now,10,OTHER,0.117854601
NY Visitor - Weekend - Now,11,OTHER,0.116678634
NY Visitor - Weekend - Now,12,OTHER,0.11812179
NY Visitor - Weekend - Now,13,OTHER,0.120222948
NY Visitor - Weekend - Now,14,OTHER,0.123547882
NY Visitor - Weekend - Now,15,OTHER,0.128273116
NY Visitor - Weekend - Now,16,OTHER,0.130849876
NY Visitor - Weekend - Now,17,OTHER,0.134106623
NY Visitor - Weekend - Now,18,OTHER,0.139361263
NY Visitor - Weekend - Now,19,OTHER,0.142235625
NY Visitor - Weekend - Now,20,OTHER,0.148368659
NY Visitor - Weekend - Now,21,OTHER,0.154796864
NY Visitor - Weekend - Now,22,OTHER,0.161555172
NY Visitor - Weekend - Now,23,OTHER,0.163009796
NY Visitor - Weekend - Now,24,OTHER,0.168607133
NY Visitor - Weekend - Now,25,OTHER,0.170905684
NY Visitor - Weekend - Now,26,OTHER,0.176277763
NY Visitor - Weekend - Now,27,OTHER,0.17504225
NY Visitor - Weekend - Now,28,OTHER,0.17888143
NY Visitor - Weekend - Now,29,OTHER,0.178394329
NY Visitor - Weekend - Now,30,OTHER,0.182095704
NY Visitor - Weekend - Now,31,OTHER,0.181444581
NY Visitor - Weekend - Now,32,OTHER,0.183745162
NY Visitor - Weekend - Now,33,OTHER,0.179906492
NY Visitor - Weekend - Now,34,OTHER,0.181282791
NY Visitor - Weekend - Now,35,OTHER,0.175050161
NY Visitor - Weekend - Now,36,OTHER,0.17794722
NY Visitor - Weekend - Now,37,OTHER,0.175642975
NY Visitor - Weekend - Now,38,OTHER,0.180106221
NY Visitor - Weekend - Now,39,OTHER,0.175877073
NY Visitor - Weekend - Now,40,OTHER,0.182857031
NY Visitor - Weekend - Now,41,OTHER,0.161443394
NY Visitor - Weekend - Now,42,OTHER,0.162743743
NY Visitor - Weekend - Now,43,OTHER,0.154945131
NY Visitor - Weekend - Now,44,OTHER,0.154659079
NY Visitor - Weekend - Now,45,OTHER,0.147735106
NY Visitor - Weekend - Now,46,OTHER,0.146726407
NY Visitor - Weekend - Now,47,OTHER,0.137680222
NY Visitor - Weekend - Now,48,OTHER,0.135929539
NY Visitor - Weekend - Now,1,SCHOOL,0
NY Visitor - Weekend - Now,2,SCHOOL,0
NY Visitor - Weekend - Now,3,SCHOOL,0
NY Visitor - Weekend - Now,4,SCHOOL,0
NY Visitor - Weekend - Now,5,SCHOOL,0
NY Visitor - Weekend - Now,6,SCHOOL,0
NY Visitor - Weekend - Now,7,SCHOOL,0
NY Visitor - Weekend - Now,8,SCHOOL,0
NY Visitor - Weekend - Now,9,SCHOOL,0
NY Visitor - Weekend - Now,10,SCHOOL,0
NY Visitor - Weekend - Now,11,SCHOOL,0
NY Visitor - Weekend - Now,12,SCHOOL,0
NY Visitor - Weekend - Now,13,SCHOOL,0
NY Visitor - Weekend - Now,14,SCHOOL,0
NY Visitor - Weekend - Now,15,SCHOOL,0
NY Visitor - Weekend - Now,16,SCHOOL,0
NY Visitor - Weekend - Now,17,SCHOOL,0
NY Visitor - Weekend - Now,18,SCHOOL,0
NY Visitor - Weekend - Now,19,SCHOOL,0
NY Visitor - Weekend - Now,20,SCHOOL,0
NY Visitor - Weekend - Now,21,SCHOOL,0
NY Visitor - Weekend - Now,22,SCHOOL,0
NY Visitor - Weekend - Now,23,SCHOOL,0
NY Visitor - Weekend - Now,24,SCHOOL,0
NY Visitor - Weekend - Now,25,SCHOOL,0
NY Visitor - Weekend - Now,26,SCHOOL,0
NY Visitor - Weekend - Now,27,SCHOOL,0
NY Visitor - Weekend - Now,28,SCHOOL,0
NY Visitor - Weekend - Now,29,SCHOOL,0
NY Visitor - Weekend - Now,30,SCHOOL,0
NY Visitor - Weekend - Now,31,SCHOOL,0
NY Visitor - Weekend - Now,32,SCHOOL,0
NY Visitor - Weekend - Now,33,SCHOOL,0
NY Visitor - Weekend - Now,34,SCHOOL,0
NY Visitor - Weekend - Now,35,SCHOOL,0
NY Visitor - Weekend - Now,36,SCHOOL,0
NY Visitor - Weekend - Now,37,SCHOOL,0
NY Visitor - Weekend - Now,38,SCHOOL,0
NY Visitor - Weekend - Now,39,SCHOOL,0
NY Visitor - Weekend - Now,40,SCHOOL,0
NY Visitor - Weekend - Now,41,SCHOOL,0
NY Visitor - Weekend - Now,42,SCHOOL,0
NY Visitor - Weekend - Now,43,SCHOOL,0
NY Visitor - Weekend - Now,44,SCHOOL,0
NY Visitor - Weekend - Now,45,SCHOOL,0
NY Visitor - Weekend - Now,46,SCHOOL,0
NY Visitor - Weekend - Now,47,SCHOOL,0
NY Visitor - Weekend - Now,48,SCHOOL,0
