Person Type Scenario,Period,Location,Percent Active Devices
Resident Weekday Before,1,HOME,0.895215847
Resident Weekday Before,2,HOME,0.902649904
Resident Weekday Before,3,HOME,0.909082247
Resident Weekday Before,4,HOME,0.912930873
Resident Weekday Before,5,HOME,0.915651947
Resident Weekday Before,6,HOME,0.917900172
Resident Weekday Before,7,HOME,0.919685328
Resident Weekday Before,8,HOME,0.919685835
Resident Weekday Before,9,HOME,0.917805214
Resident Weekday Before,10,HOME,0.913542192
Resident Weekday Before,11,HOME,0.903887695
Resident Weekday Before,12,HOME,0.888932351
Resident Weekday Before,13,HOME,0.863118496
Resident Weekday Before,14,HOME,0.830778071
Resident Weekday Before,15,HOME,0.772348067
Resident Weekday Before,16,HOME,0.691247041
Resident Weekday Before,17,HOME,0.604828479
Resident Weekday Before,18,HOME,0.53877685
Resident Weekday Before,19,HOME,0.486393352
Resident Weekday Before,20,HOME,0.452785485
Resident Weekday Before,21,HOME,0.428308474
Resident Weekday Before,22,HOME,0.412336585
Resident Weekday Before,23,HOME,0.400813731
Resident Weekday Before,24,HOME,0.393050454
Resident Weekday Before,25,HOME,0.39152556
Resident Weekday Before,26,HOME,0.387105872
Resident Weekday Before,27,HOME,0.387947364
Resident Weekday Before,28,HOME,0.389722264
Resident Weekday Before,29,HOME,0.396155596
Resident Weekday Before,30,HOME,0.413706214
Resident Weekday Before,31,HOME,0.446021386
Resident Weekday Before,32,HOME,0.476764796
Resident Weekday Before,33,HOME,0.504614645
Resident Weekday Before,34,HOME,0.536285937
Resident Weekday Before,35,HOME,0.576829213
Resident Weekday Before,36,HOME,0.614872147
Resident Weekday Before,37,HOME,0.644129108
Resident Weekday Before,38,HOME,0.665191418
Resident Weekday Before,39,HOME,0.684453606
Resident Weekday Before,40,HOME,0.697788242
Resident Weekday Before,41,HOME,0.723338696
Resident Weekday Before,42,HOME,0.749469196
Resident Weekday Before,43,HOME,0.779527596
Resident Weekday Before,44,HOME,0.802921203
Resident Weekday Before,45,HOME,0.827431594
Resident Weekday Before,46,HOME,0.842680751
Resident Weekday Before,47,HOME,0.861669807
Resident Weekday Before,48,HOME,0.871189699
Resident Weekday Before,1,WORK,0.032899278
Resident Weekday Before,2,WORK,0.030136658
Resident Weekday Before,3,WORK,0.027939902
Resident Weekday Before,4,WORK,0.026631953
Resident Weekday Before,5,WORK,0.02591983
Resident Weekday Before,6,WORK,0.025360574
Resident Weekday Before,7,WORK,0.024993213
Resident Weekday Before,8,WORK,0.02535234
Resident Weekday Before,9,WORK,0.026552743
Resident Weekday Before,10,WORK,0.028595755
Resident Weekday Before,11,WORK,0.033016667
Resident Weekday Before,12,WORK,0.040498567
Resident Weekday Before,13,WORK,0.056785014
Resident Weekday Before,14,WORK,0.078689133
Resident Weekday Before,15,WORK,0.125043986
Resident Weekday Before,16,WORK,0.193021002
Resident Weekday Before,17,WORK,0.26887534
Resident Weekday Before,18,WORK,0.325755345
Resident Weekday Before,19,WORK,0.373426281
Resident Weekday Before,20,WORK,0.397892533
Resident Weekday Before,21,WORK,0.413856284
Resident Weekday Before,22,WORK,0.424171063
Resident Weekday Before,23,WORK,0.43139142
Resident Weekday Before,24,WORK,0.435999064
Resident Weekday Before,25,WORK,0.434419555
Resident Weekday Before,26,WORK,0.433963274
Resident Weekday Before,27,WORK,0.434128676
Resident Weekday Before,28,WORK,0.432595796
Resident Weekday Before,29,WORK,0.428589006
Resident Weekday Before,30,WORK,0.410810293
Resident Weekday Before,31,WORK,0.380155653
Resident Weekday Before,32,WORK,0.346725807
Resident Weekday Before,33,WORK,0.312500113
Resident Weekday Before,34,WORK,0.275891644
Resident Weekday Before,35,WORK,0.226663251
Resident Weekday Before,36,WORK,0.185730607
Resident Weekday Before,37,WORK,0.152244853
Resident Weekday Before,38,WORK,0.128841964
Resident Weekday Before,39,WORK,0.110154406
Resident Weekday Before,40,WORK,0.098277664
Resident Weekday Before,41,WORK,0.086532502
Resident Weekday Before,42,WORK,0.078036952
Resident Weekday Before,43,WORK,0.069520783
Resident Weekday Before,44,WORK,0.063210484
Resident Weekday Before,45,WORK,0.055300512
Resident Weekday Before,46,WORK,0.049988153
Resident Weekday Before,47,WORK,0.043296345
Resident Weekday Before,48,WORK,0.039435987
Resident Weekday Before,1,OTHER,0.071884876
Resident Weekday Before,2,OTHER,0.067213438
Resident Weekday Before,3,OTHER,0.062977851
Resident Weekday Before,4,OTHER,0.060437174
Resident Weekday Before,5,OTHER,0.058428223
Resident Weekday Before,6,OTHER,0.056739254
Resident Weekday Before,7,OTHER,0.055321459
Resident Weekday Before,8,OTHER,0.054961825
Resident Weekday Before,9,OTHER,0.055642042
Resident Weekday Before,10,OTHER,0.057862053
Resident Weekday Before,11,OTHER,0.063095639
Resident Weekday Before,12,OTHER,0.070569081
Resident Weekday Before,13,OTHER,0.08009649
Resident Weekday Before,14,OTHER,0.090532796
Resident Weekday Before,15,OTHER,0.102607947
Resident Weekday Before,16,OTHER,0.115731957
Resident Weekday Before,17,OTHER,0.126296182
Resident Weekday Before,18,OTHER,0.135467804
Resident Weekday Before,19,OTHER,0.140180366
Resident Weekday Before,20,OTHER,0.149321982
Resident Weekday Before,21,OTHER,0.157835242
Resident Weekday Before,22,OTHER,0.163492353
Resident Weekday Before,23,OTHER,0.167794849
Resident Weekday Before,24,OTHER,0.170950482
Resident Weekday Before,25,OTHER,0.174054885
Resident Weekday Before,26,OTHER,0.178930854
Resident Weekday Before,27,OTHER,0.17792396
Resident Weekday Before,28,OTHER,0.177681941
Resident Weekday Before,29,OTHER,0.175255398
Resident Weekday Before,30,OTHER,0.175483493
Resident Weekday Before,31,OTHER,0.173822961
Resident Weekday Before,32,OTHER,0.176509397
Resident Weekday Before,33,OTHER,0.182885242
Resident Weekday Before,34,OTHER,0.18782242
Resident Weekday Before,35,OTHER,0.196507536
Resident Weekday Before,36,OTHER,0.199397245
Resident Weekday Before,37,OTHER,0.203626038
Resident Weekday Before,38,OTHER,0.205966618
Resident Weekday Before,39,OTHER,0.205391988
Resident Weekday Before,40,OTHER,0.203934094
Resident Weekday Before,41,OTHER,0.190128802
Resident Weekday Before,42,OTHER,0.172493852
Resident Weekday Before,43,OTHER,0.150951622
Resident Weekday Before,44,OTHER,0.133868314
Resident Weekday Before,45,OTHER,0.117267894
Resident Weekday Before,46,OTHER,0.107331097
Resident Weekday Before,47,OTHER,0.095033848
Resident Weekday Before,48,OTHER,0.089374314
Resident Weekday Before,1,SCHOOL,0
Resident Weekday Before,2,SCHOOL,0
Resident Weekday Before,3,SCHOOL,0
Resident Weekday Before,4,SCHOOL,0
Resident Weekday Before,5,SCHOOL,0
Resident Weekday Before,6,SCHOOL,0
Resident Weekday Before,7,SCHOOL,0
Resident Weekday Before,8,SCHOOL,0
Resident Weekday Before,9,SCHOOL,0
Resident Weekday Before,10,SCHOOL,0
Resident Weekday Before,11,SCHOOL,0
Resident Weekday Before,12,SCHOOL,0
Resident Weekday Before,13,SCHOOL,0
Resident Weekday Before,14,SCHOOL,0
Resident Weekday Before,15,SCHOOL,0
Resident Weekday Before,16,SCHOOL,0
Resident Weekday Before,17,SCHOOL,0
Resident Weekday Before,18,SCHOOL,0
Resident Weekday Before,19,SCHOOL,0
Resident Weekday Before,20,SCHOOL,0
Resident Weekday Before,21,SCHOOL,0
Resident Weekday Before,22,SCHOOL,0
Resident Weekday Before,23,SCHOOL,0
Resident Weekday Before,24,SCHOOL,0
Resident Weekday Before,25,SCHOOL,0
Resident Weekday Before,26,SCHOOL,0
Resident Weekday Before,27,SCHOOL,0
Resident Weekday Before,28,SCHOOL,0
Resident Weekday Before,29,SCHOOL,0
Resident Weekday Before,30,SCHOOL,0
Resident Weekday Before,31,SCHOOL,0
Resident Weekday Before,32,SCHOOL,0
Resident Weekday Before,33,SCHOOL,0
Resident Weekday Before,34,SCHOOL,0
Resident Weekday Before,35,SCHOOL,0
Resident Weekday Before,36,SCHOOL,0
Resident Weekday Before,37,SCHOOL,0
Resident Weekday Before,38,SCHOOL,0
Resident Weekday Before,39,SCHOOL,0
Resident Weekday Before,40,SCHOOL,0
Resident Weekday Before,41,SCHOOL,0
Resident Weekday Before,42,SCHOOL,0
Resident Weekday Before,43,SCHOOL,0
Resident Weekday Before,44,SCHOOL,0
Resident Weekday Before,45,SCHOOL,0
Resident Weekday Before,46,SCHOOL,0
Resident Weekday Before,47,SCHOOL,0
Resident Weekday Before,48,SCHOOL,0
Resident Weekday Now,1,HOME,0.914677892
Resident Weekday Now,2,HOME,0.916777496
Resident Weekday Now,3,HOME,0.921658218
Resident Weekday Now,4,HOME,0.923177262
Resident Weekday Now,5,HOME,0.925574652
Resident Weekday Now,6,HOME,0.926244127
Resident Weekday Now,7,HOME,0.927950413
Resident Weekday Now,8,HOME,0.927777953
Resident Weekday Now,9,HOME,0.927259388
Resident Weekday Now,10,HOME,0.92500798
Resident Weekday Now,11,HOME,0.920580344
Resident Weekday Now,12,HOME,0.912052675
Resident Weekday Now,13,HOME,0.895279556
Resident Weekday Now,14,HOME,0.876404034
Resident Weekday Now,15,HOME,0.851270639
Resident Weekday Now,16,HOME,0.830948133
Resident Weekday Now,17,HOME,0.807935646
Resident Weekday Now,18,HOME,0.788906231
Resident Weekday Now,19,HOME,0.774043573
Resident Weekday Now,20,HOME,0.763534328
Resident Weekday Now,21,HOME,0.756055848
Resident Weekday Now,22,HOME,0.750390077
Resident Weekday Now,23,HOME,0.748936054
Resident Weekday Now,24,HOME,0.744271251
Resident Weekday Now,25,HOME,0.742098291
Resident Weekday Now,26,HOME,0.741113783
Resident Weekday Now,27,HOME,0.744337146
Resident Weekday Now,28,HOME,0.74306712
Resident Weekday Now,29,HOME,0.745898222
Resident Weekday Now,30,HOME,0.748193346
Resident Weekday Now,31,HOME,0.756226773
Resident Weekday Now,32,HOME,0.76667532
Resident Weekday Now,33,HOME,0.781918455
Resident Weekday Now,34,HOME,0.797066267
Resident Weekday Now,35,HOME,0.815459949
Resident Weekday Now,36,HOME,0.827333978
Resident Weekday Now,37,HOME,0.838529496
Resident Weekday Now,38,HOME,0.844447001
Resident Weekday Now,39,HOME,0.851926845
Resident Weekday Now,40,HOME,0.851603716
Resident Weekday Now,41,HOME,0.870154092
Resident Weekday Now,42,HOME,0.873963523
Resident Weekday Now,43,HOME,0.881280876
Resident Weekday Now,44,HOME,0.884706192
Resident Weekday Now,45,HOME,0.892845886
Resident Weekday Now,46,HOME,0.895183706
Resident Weekday Now,47,HOME,0.901951945
Resident Weekday Now,48,HOME,0.905225813
Resident Weekday Now,1,WORK,0.037102799
Resident Weekday Now,2,WORK,0.035759894
Resident Weekday Now,3,WORK,0.034201981
Resident Weekday Now,4,WORK,0.033318752
Resident Weekday Now,5,WORK,0.032333598
Resident Weekday Now,6,WORK,0.031990768
Resident Weekday Now,7,WORK,0.031498872
Resident Weekday Now,8,WORK,0.031494284
Resident Weekday Now,9,WORK,0.032069113
Resident Weekday Now,10,WORK,0.033441211
Resident Weekday Now,11,WORK,0.036362971
Resident Weekday Now,12,WORK,0.041183785
Resident Weekday Now,13,WORK,0.052805097
Resident Weekday Now,14,WORK,0.06622907
Resident Weekday Now,15,WORK,0.086006359
Resident Weekday Now,16,WORK,0.101010938
Resident Weekday Now,17,WORK,0.119315439
Resident Weekday Now,18,WORK,0.133479724
Resident Weekday Now,19,WORK,0.147069729
Resident Weekday Now,20,WORK,0.153983587
Resident Weekday Now,21,WORK,0.159757045
Resident Weekday Now,22,WORK,0.162593417
Resident Weekday Now,23,WORK,0.164221216
Resident Weekday Now,24,WORK,0.166591522
Resident Weekday Now,25,WORK,0.167513087
Resident Weekday Now,26,WORK,0.16726925
Resident Weekday Now,27,WORK,0.165786275
Resident Weekday Now,28,WORK,0.165169236
Resident Weekday Now,29,WORK,0.163204563
Resident Weekday Now,30,WORK,0.159539763
Resident Weekday Now,31,WORK,0.153019818
Resident Weekday Now,32,WORK,0.142734696
Resident Weekday Now,33,WORK,0.13016204
Resident Weekday Now,34,WORK,0.116151871
Resident Weekday Now,35,WORK,0.098468798
Resident Weekday Now,36,WORK,0.087378628
Resident Weekday Now,37,WORK,0.07885209
Resident Weekday Now,38,WORK,0.073490569
Resident Weekday Now,39,WORK,0.068667776
Resident Weekday Now,40,WORK,0.066652859
Resident Weekday Now,41,WORK,0.060481351
Resident Weekday Now,42,WORK,0.058152246
Resident Weekday Now,43,WORK,0.054622142
Resident Weekday Now,44,WORK,0.052401948
Resident Weekday Now,45,WORK,0.048382906
Resident Weekday Now,46,WORK,0.046792304
Resident Weekday Now,47,WORK,0.04327655
Resident Weekday Now,48,WORK,0.041053753
Resident Weekday Now,1,OTHER,0.048219308
Resident Weekday Now,2,OTHER,0.04746261
Resident Weekday Now,3,OTHER,0.044139801
Resident Weekday Now,4,OTHER,0.043503986
Resident Weekday Now,5,OTHER,0.04209175
Resident Weekday Now,6,OTHER,0.041765106
Resident Weekday Now,7,OTHER,0.040550715
Resident Weekday Now,8,OTHER,0.040727763
Resident Weekday Now,9,OTHER,0.040671499
Resident Weekday Now,10,OTHER,0.041550809
Resident Weekday Now,11,OTHER,0.043056685
Resident Weekday Now,12,OTHER,0.046763539
Resident Weekday Now,13,OTHER,0.051915347
Resident Weekday Now,14,OTHER,0.057366895
Resident Weekday Now,15,OTHER,0.062723002
Resident Weekday Now,16,OTHER,0.068040929
Resident Weekday Now,17,OTHER,0.072748915
Resident Weekday Now,18,OTHER,0.077614045
Resident Weekday Now,19,OTHER,0.078886698
Resident Weekday Now,20,OTHER,0.082482085
Resident Weekday Now,21,OTHER,0.084187106
Resident Weekday Now,22,OTHER,0.087016507
Resident Weekday Now,23,OTHER,0.08684273
Resident Weekday Now,24,OTHER,0.089137227
Resident Weekday Now,25,OTHER,0.090388622
Resident Weekday Now,26,OTHER,0.091616967
Resident Weekday Now,27,OTHER,0.089876579
Resident Weekday Now,28,OTHER,0.091763644
Resident Weekday Now,29,OTHER,0.090897215
Resident Weekday Now,30,OTHER,0.09226689
Resident Weekday Now,31,OTHER,0.090753409
Resident Weekday Now,32,OTHER,0.090589984
Resident Weekday Now,33,OTHER,0.087919505
Resident Weekday Now,34,OTHER,0.086781862
Resident Weekday Now,35,OTHER,0.086071253
Resident Weekday Now,36,OTHER,0.085287394
Resident Weekday Now,37,OTHER,0.082618414
Resident Weekday Now,38,OTHER,0.08206243
Resident Weekday Now,39,OTHER,0.079405379
Resident Weekday Now,40,OTHER,0.081743425
Resident Weekday Now,41,OTHER,0.069364557
Resident Weekday Now,42,OTHER,0.067884231
Resident Weekday Now,43,OTHER,0.064096983
Resident Weekday Now,44,OTHER,0.06289186
Resident Weekday Now,45,OTHER,0.058771208
Resident Weekday Now,46,OTHER,0.05802399
Resident Weekday Now,47,OTHER,0.054771506
Resident Weekday Now,48,OTHER,0.053720434
Resident Weekday Now,1,SCHOOL,0
Resident Weekday Now,2,SCHOOL,0
Resident Weekday Now,3,SCHOOL,0
Resident Weekday Now,4,SCHOOL,0
Resident Weekday Now,5,SCHOOL,0
Resident Weekday Now,6,SCHOOL,0
Resident Weekday Now,7,SCHOOL,0
Resident Weekday Now,8,SCHOOL,0
Resident Weekday Now,9,SCHOOL,0
Resident Weekday Now,10,SCHOOL,0
Resident Weekday Now,11,SCHOOL,0
Resident Weekday Now,12,SCHOOL,0
Resident Weekday Now,13,SCHOOL,0
Resident Weekday Now,14,SCHOOL,0
Resident Weekday Now,15,SCHOOL,0
Resident Weekday Now,16,SCHOOL,0
Resident Weekday Now,17,SCHOOL,0
Resident Weekday Now,18,SCHOOL,0
Resident Weekday Now,19,SCHOOL,0
Resident Weekday Now,20,SCHOOL,0
Resident Weekday Now,21,SCHOOL,0
Resident Weekday Now,22,SCHOOL,0
Resident Weekday Now,23,SCHOOL,0
Resident Weekday Now,24,SCHOOL,0
Resident Weekday Now,25,SCHOOL,0
Resident Weekday Now,26,SCHOOL,0
Resident Weekday Now,27,SCHOOL,0
Resident Weekday Now,28,SCHOOL,0
Resident Weekday Now,29,SCHOOL,0
Resident Weekday Now,30,SCHOOL,0
Resident Weekday Now,31,SCHOOL,0
Resident Weekday Now,32,SCHOOL,0
Resident Weekday Now,33,SCHOOL,0
Resident Weekday Now,34,SCHOOL,0
Resident Weekday Now,35,SCHOOL,0
Resident Weekday Now,36,SCHOOL,0
Resident Weekday Now,37,SCHOOL,0
Resident Weekday Now,38,SCHOOL,0
Resident Weekday Now,39,SCHOOL,0
Resident Weekday Now,40,SCHOOL,0
Resident Weekday Now,41,SCHOOL,0
Resident Weekday Now,42,SCHOOL,0
Resident Weekday Now,43,SCHOOL,0
Resident Weekday Now,44,SCHOOL,0
Resident Weekday Now,45,SCHOOL,0
Resident Weekday Now,46,SCHOOL,0
Resident Weekday Now,47,SCHOOL,0
Resident Weekday Now,48,SCHOOL,0
Resident Weekend Before,1,HOME,0.830602078
Resident Weekend Before,2,HOME,0.843723758
Resident Weekend Before,3,HOME,0.856541248
Resident Weekend Before,4,HOME,0.864756712
Resident Weekend Before,5,HOME,0.872579239
Resident Weekend Before,6,HOME,0.877024305
Resident Weekend Before,7,HOME,0.879772604
Resident Weekend Before,8,HOME,0.882919432
Resident Weekend Before,9,HOME,0.885632507
Resident Weekend Before,10,HOME,0.88616999
Resident Weekend Before,11,HOME,0.884963455
Resident Weekend Before,12,HOME,0.880866067
Resident Weekend Before,13,HOME,0.873022777
Resident Weekend Before,14,HOME,0.862833675
Resident Weekend Before,15,HOME,0.846563455
Resident Weekend Before,16,HOME,0.830799997
Resident Weekend Before,17,HOME,0.808425644
Resident Weekend Before,18,HOME,0.787138547
Resident Weekend Before,19,HOME,0.758178637
Resident Weekend Before,20,HOME,0.733031717
Resident Weekend Before,21,HOME,0.703952374
Resident Weekend Before,22,HOME,0.683319544
Resident Weekend Before,23,HOME,0.66427058
Resident Weekend Before,24,HOME,0.650916717
Resident Weekend Before,25,HOME,0.64145342
Resident Weekend Before,26,HOME,0.632354621
Resident Weekend Before,27,HOME,0.627992942
Resident Weekend Before,28,HOME,0.624884262
Resident Weekend Before,29,HOME,0.626614887
Resident Weekend Before,30,HOME,0.629101462
Resident Weekend Before,31,HOME,0.63359381
Resident Weekend Before,32,HOME,0.640004423
Resident Weekend Before,33,HOME,0.646397736
Resident Weekend Before,34,HOME,0.652170273
Resident Weekend Before,35,HOME,0.657695786
Resident Weekend Before,36,HOME,0.662430784
Resident Weekend Before,37,HOME,0.670960576
Resident Weekend Before,38,HOME,0.675781407
Resident Weekend Before,39,HOME,0.688954466
Resident Weekend Before,40,HOME,0.695658877
Resident Weekend Before,41,HOME,0.711175501
Resident Weekend Before,42,HOME,0.728048317
Resident Weekend Before,43,HOME,0.749154796
Resident Weekend Before,44,HOME,0.768250043
Resident Weekend Before,45,HOME,0.790002052
Resident Weekend Before,46,HOME,0.809695338
Resident Weekend Before,47,HOME,0.829702246
Resident Weekend Before,48,HOME,0.842547727
Resident Weekend Before,1,WORK,0.036804643
Resident Weekend Before,2,WORK,0.033415983
Resident Weekend Before,3,WORK,0.030355315
Resident Weekend Before,4,WORK,0.028472901
Resident Weekend Before,5,WORK,0.02689666
Resident Weekend Before,6,WORK,0.026174919
Resident Weekend Before,7,WORK,0.025861159
Resident Weekend Before,8,WORK,0.025386885
Resident Weekend Before,9,WORK,0.025336647
Resident Weekend Before,10,WORK,0.025837168
Resident Weekend Before,11,WORK,0.027402565
Resident Weekend Before,12,WORK,0.029912739
Resident Weekend Before,13,WORK,0.034820107
Resident Weekend Before,14,WORK,0.040006653
Resident Weekend Before,15,WORK,0.048661616
Resident Weekend Before,16,WORK,0.05533039
Resident Weekend Before,17,WORK,0.064207745
Resident Weekend Before,18,WORK,0.072051883
Resident Weekend Before,19,WORK,0.081727131
Resident Weekend Before,20,WORK,0.088595969
Resident Weekend Before,21,WORK,0.097014379
Resident Weekend Before,22,WORK,0.101991753
Resident Weekend Before,23,WORK,0.106644114
Resident Weekend Before,24,WORK,0.109784743
Resident Weekend Before,25,WORK,0.112534151
Resident Weekend Before,26,WORK,0.112697376
Resident Weekend Before,27,WORK,0.112351966
Resident Weekend Before,28,WORK,0.112027903
Resident Weekend Before,29,WORK,0.110655792
Resident Weekend Before,30,WORK,0.109039898
Resident Weekend Before,31,WORK,0.107566307
Resident Weekend Before,32,WORK,0.103779122
Resident Weekend Before,33,WORK,0.100389886
Resident Weekend Before,34,WORK,0.096602134
Resident Weekend Before,35,WORK,0.092537649
Resident Weekend Before,36,WORK,0.088381325
Resident Weekend Before,37,WORK,0.081914502
Resident Weekend Before,38,WORK,0.077613998
Resident Weekend Before,39,WORK,0.070904012
Resident Weekend Before,40,WORK,0.067754768
Resident Weekend Before,41,WORK,0.06342188
Resident Weekend Before,42,WORK,0.060035221
Resident Weekend Before,43,WORK,0.056096548
Resident Weekend Before,44,WORK,0.052696065
Resident Weekend Before,45,WORK,0.048000377
Resident Weekend Before,46,WORK,0.044736147
Resident Weekend Before,47,WORK,0.039911206
Resident Weekend Before,48,WORK,0.036864457
Resident Weekend Before,1,OTHER,0.13259328
Resident Weekend Before,2,OTHER,0.122860259
Resident Weekend Before,3,OTHER,0.113103437
Resident Weekend Before,4,OTHER,0.106770387
Resident Weekend Before,5,OTHER,0.100524101
Resident Weekend Before,6,OTHER,0.096800776
Resident Weekend Before,7,OTHER,0.094366237
Resident Weekend Before,8,OTHER,0.091693683
Resident Weekend Before,9,OTHER,0.089030846
Resident Weekend Before,10,OTHER,0.087992842
Resident Weekend Before,11,OTHER,0.087633981
Resident Weekend Before,12,OTHER,0.089221194
Resident Weekend Before,13,OTHER,0.092157116
Resident Weekend Before,14,OTHER,0.097159672
Resident Weekend Before,15,OTHER,0.104774929
Resident Weekend Before,16,OTHER,0.113869613
Resident Weekend Before,17,OTHER,0.127366611
Resident Weekend Before,18,OTHER,0.14080957
Resident Weekend Before,19,OTHER,0.160094233
Resident Weekend Before,20,OTHER,0.178372314
Resident Weekend Before,21,OTHER,0.199033246
Resident Weekend Before,22,OTHER,0.214688702
Resident Weekend Before,23,OTHER,0.229085306
Resident Weekend Before,24,OTHER,0.23929854
Resident Weekend Before,25,OTHER,0.246012429
Resident Weekend Before,26,OTHER,0.254948004
Resident Weekend Before,27,OTHER,0.259655093
Resident Weekend Before,28,OTHER,0.263087835
Resident Weekend Before,29,OTHER,0.262729321
Resident Weekend Before,30,OTHER,0.26185864
Resident Weekend Before,31,OTHER,0.258839883
Resident Weekend Before,32,OTHER,0.256216455
Resident Weekend Before,33,OTHER,0.253212378
Resident Weekend Before,34,OTHER,0.251227593
Resident Weekend Before,35,OTHER,0.249766566
Resident Weekend Before,36,OTHER,0.249187891
Resident Weekend Before,37,OTHER,0.247124922
Resident Weekend Before,38,OTHER,0.246604595
Resident Weekend Before,39,OTHER,0.240141522
Resident Weekend Before,40,OTHER,0.236586355
Resident Weekend Before,41,OTHER,0.225402619
Resident Weekend Before,42,OTHER,0.211916462
Resident Weekend Before,43,OTHER,0.194748655
Resident Weekend Before,44,OTHER,0.179053892
Resident Weekend Before,45,OTHER,0.161997571
Resident Weekend Before,46,OTHER,0.145568515
Resident Weekend Before,47,OTHER,0.130386548
Resident Weekend Before,48,OTHER,0.120587816
Resident Weekend Before,1,SCHOOL,0
Resident Weekend Before,2,SCHOOL,0
Resident Weekend Before,3,SCHOOL,0
Resident Weekend Before,4,SCHOOL,0
Resident Weekend Before,5,SCHOOL,0
Resident Weekend Before,6,SCHOOL,0
Resident Weekend Before,7,SCHOOL,0
Resident Weekend Before,8,SCHOOL,0
Resident Weekend Before,9,SCHOOL,0
Resident Weekend Before,10,SCHOOL,0
Resident Weekend Before,11,SCHOOL,0
Resident Weekend Before,12,SCHOOL,0
Resident Weekend Before,13,SCHOOL,0
Resident Weekend Before,14,SCHOOL,0
Resident Weekend Before,15,SCHOOL,0
Resident Weekend Before,16,SCHOOL,0
Resident Weekend Before,17,SCHOOL,0
Resident Weekend Before,18,SCHOOL,0
Resident Weekend Before,19,SCHOOL,0
Resident Weekend Before,20,SCHOOL,0
Resident Weekend Before,21,SCHOOL,0
Resident Weekend Before,22,SCHOOL,0
Resident Weekend Before,23,SCHOOL,0
Resident Weekend Before,24,SCHOOL,0
Resident Weekend Before,25,SCHOOL,0
Resident Weekend Before,26,SCHOOL,0
Resident Weekend Before,27,SCHOOL,0
Resident Weekend Before,28,SCHOOL,0
Resident Weekend Before,29,SCHOOL,0
Resident Weekend Before,30,SCHOOL,0
Resident Weekend Before,31,SCHOOL,0
Resident Weekend Before,32,SCHOOL,0
Resident Weekend Before,33,SCHOOL,0
Resident Weekend Before,34,SCHOOL,0
Resident Weekend Before,35,SCHOOL,0
Resident Weekend Before,36,SCHOOL,0
Resident Weekend Before,37,SCHOOL,0
Resident Weekend Before,38,SCHOOL,0
Resident Weekend Before,39,SCHOOL,0
Resident Weekend Before,40,SCHOOL,0
Resident Weekend Before,41,SCHOOL,0
Resident Weekend Before,42,SCHOOL,0
Resident Weekend Before,43,SCHOOL,0
Resident Weekend Before,44,SCHOOL,0
Resident Weekend Before,45,SCHOOL,0
Resident Weekend Before,46,SCHOOL,0
Resident Weekend Before,47,SCHOOL,0
Resident Weekend Before,48,SCHOOL,0
Resident Weekend Now,1,HOME,0.902833472
Resident Weekend Now,2,HOME,0.906124678
Resident Weekend Now,3,HOME,0.911809145
Resident Weekend Now,4,HOME,0.913566494
Resident Weekend Now,5,HOME,0.917665559
Resident Weekend Now,6,HOME,0.9186017
Resident Weekend Now,7,HOME,0.919985986
Resident Weekend Now,8,HOME,0.920455533
Resident Weekend Now,9,HOME,0.921289064
Resident Weekend Now,10,HOME,0.920216067
Resident Weekend Now,11,HOME,0.920615757
Resident Weekend Now,12,HOME,0.917130854
Resident Weekend Now,13,HOME,0.9111696
Resident Weekend Now,14,HOME,0.90407328
Resident Weekend Now,15,HOME,0.892832438
Resident Weekend Now,16,HOME,0.885050893
Resident Weekend Now,17,HOME,0.875990226
Resident Weekend Now,18,HOME,0.868640925
Resident Weekend Now,19,HOME,0.862067915
Resident Weekend Now,20,HOME,0.855382901
Resident Weekend Now,21,HOME,0.845950182
Resident Weekend Now,22,HOME,0.841474087
Resident Weekend Now,23,HOME,0.840564093
Resident Weekend Now,24,HOME,0.837855734
Resident Weekend Now,25,HOME,0.835191727
Resident Weekend Now,26,HOME,0.831735787
Resident Weekend Now,27,HOME,0.835118895
Resident Weekend Now,28,HOME,0.831855074
Resident Weekend Now,29,HOME,0.833016885
Resident Weekend Now,30,HOME,0.831943955
Resident Weekend Now,31,HOME,0.834494256
Resident Weekend Now,32,HOME,0.835812233
Resident Weekend Now,33,HOME,0.840309783
Resident Weekend Now,34,HOME,0.843790816
Resident Weekend Now,35,HOME,0.850338718
Resident Weekend Now,36,HOME,0.851482505
Resident Weekend Now,37,HOME,0.857242127
Resident Weekend Now,38,HOME,0.857394999
Resident Weekend Now,39,HOME,0.859412225
Resident Weekend Now,40,HOME,0.854304741
Resident Weekend Now,41,HOME,0.874184699
Resident Weekend Now,42,HOME,0.874311333
Resident Weekend Now,43,HOME,0.881755453
Resident Weekend Now,44,HOME,0.883065765
Resident Weekend Now,45,HOME,0.890278642
Resident Weekend Now,46,HOME,0.892837918
Resident Weekend Now,47,HOME,0.900116573
Resident Weekend Now,48,HOME,0.903948443
Resident Weekend Now,1,WORK,0.038689408
Resident Weekend Now,2,WORK,0.037226691
Resident Weekend Now,3,WORK,0.035227863
Resident Weekend Now,4,WORK,0.034317494
Resident Weekend Now,5,WORK,0.032582378
Resident Weekend Now,6,WORK,0.032399557
Resident Weekend Now,7,WORK,0.032159176
Resident Weekend Now,8,WORK,0.03173871
Resident Weekend Now,9,WORK,0.031522299
Resident Weekend Now,10,WORK,0.032135907
Resident Weekend Now,11,WORK,0.032541252
Resident Weekend Now,12,WORK,0.034790528
Resident Weekend Now,13,WORK,0.038360418
Resident Weekend Now,14,WORK,0.041901428
Resident Weekend Now,15,WORK,0.048499472
Resident Weekend Now,16,WORK,0.052815195
Resident Weekend Now,17,WORK,0.058138574
Resident Weekend Now,18,WORK,0.061382259
Resident Weekend Now,19,WORK,0.064583016
Resident Weekend Now,20,WORK,0.067255783
Resident Weekend Now,21,WORK,0.072101954
Resident Weekend Now,22,WORK,0.073745228
Resident Weekend Now,23,WORK,0.074269873
Resident Weekend Now,24,WORK,0.07536695
Resident Weekend Now,25,WORK,0.076261302
Resident Weekend Now,26,WORK,0.076848372
Resident Weekend Now,27,WORK,0.075720746
Resident Weekend Now,28,WORK,0.076221552
Resident Weekend Now,29,WORK,0.075280027
Resident Weekend Now,30,WORK,0.075019395
Resident Weekend Now,31,WORK,0.073454094
Resident Weekend Now,32,WORK,0.071754168
Resident Weekend Now,33,WORK,0.069443174
Resident Weekend Now,34,WORK,0.067233271
Resident Weekend Now,35,WORK,0.063798887
Resident Weekend Now,36,WORK,0.062033351
Resident Weekend Now,37,WORK,0.060220769
Resident Weekend Now,38,WORK,0.059708277
Resident Weekend Now,39,WORK,0.05844134
Resident Weekend Now,40,WORK,0.05918112
Resident Weekend Now,41,WORK,0.053187784
Resident Weekend Now,42,WORK,0.052604109
Resident Weekend Now,43,WORK,0.049484597
Resident Weekend Now,44,WORK,0.048825244
Resident Weekend Now,45,WORK,0.045540408
Resident Weekend Now,46,WORK,0.044125424
Resident Weekend Now,47,WORK,0.04137717
Resident Weekend Now,48,WORK,0.039476891
Resident Weekend Now,1,OTHER,0.05847712
Resident Weekend Now,2,OTHER,0.056648631
Resident Weekend Now,3,OTHER,0.052962992
Resident Weekend Now,4,OTHER,0.052116012
Resident Weekend Now,5,OTHER,0.049752063
Resident Weekend Now,6,OTHER,0.048998743
Resident Weekend Now,7,OTHER,0.047854838
Resident Weekend Now,8,OTHER,0.047805758
Resident Weekend Now,9,OTHER,0.047188637
Resident Weekend Now,10,OTHER,0.047648026
Resident Weekend Now,11,OTHER,0.046842991
Resident Weekend Now,12,OTHER,0.048078618
Resident Weekend Now,13,OTHER,0.050469982
Resident Weekend Now,14,OTHER,0.054025292
Resident Weekend Now,15,OTHER,0.058668091
Resident Weekend Now,16,OTHER,0.062133912
Resident Weekend Now,17,OTHER,0.065871199
Resident Weekend Now,18,OTHER,0.069976816
Resident Weekend Now,19,OTHER,0.073349069
Resident Weekend Now,20,OTHER,0.077361316
Resident Weekend Now,21,OTHER,0.081947865
Resident Weekend Now,22,OTHER,0.084780685
Resident Weekend Now,23,OTHER,0.085166034
Resident Weekend Now,24,OTHER,0.086777316
Resident Weekend Now,25,OTHER,0.088546971
Resident Weekend Now,26,OTHER,0.091415841
Resident Weekend Now,27,OTHER,0.089160359
Resident Weekend Now,28,OTHER,0.091923374
Resident Weekend Now,29,OTHER,0.091703088
Resident Weekend Now,30,OTHER,0.09303665
Resident Weekend Now,31,OTHER,0.09205165
Resident Weekend Now,32,OTHER,0.092433598
Resident Weekend Now,33,OTHER,0.090247043
Resident Weekend Now,34,OTHER,0.088975913
Resident Weekend Now,35,OTHER,0.085862395
Resident Weekend Now,36,OTHER,0.086484144
Resident Weekend Now,37,OTHER,0.082537104
Resident Weekend Now,38,OTHER,0.082896724
Resident Weekend Now,39,OTHER,0.082146435
Resident Weekend Now,40,OTHER,0.086514139
Resident Weekend Now,41,OTHER,0.072627517
Resident Weekend Now,42,OTHER,0.073084558
Resident Weekend Now,43,OTHER,0.06875995
Resident Weekend Now,44,OTHER,0.068108991
Resident Weekend Now,45,OTHER,0.06418095
Resident Weekend Now,46,OTHER,0.063036658
Resident Weekend Now,47,OTHER,0.058506258
Resident Weekend Now,48,OTHER,0.056574666
Resident Weekend Now,1,SCHOOL,0
Resident Weekend Now,2,SCHOOL,0
Resident Weekend Now,3,SCHOOL,0
Resident Weekend Now,4,SCHOOL,0
Resident Weekend Now,5,SCHOOL,0
Resident Weekend Now,6,SCHOOL,0
Resident Weekend Now,7,SCHOOL,0
Resident Weekend Now,8,SCHOOL,0
Resident Weekend Now,9,SCHOOL,0
Resident Weekend Now,10,SCHOOL,0
Resident Weekend Now,11,SCHOOL,0
Resident Weekend Now,12,SCHOOL,0
Resident Weekend Now,13,SCHOOL,0
Resident Weekend Now,14,SCHOOL,0
Resident Weekend Now,15,SCHOOL,0
Resident Weekend Now,16,SCHOOL,0
Resident Weekend Now,17,SCHOOL,0
Resident Weekend Now,18,SCHOOL,0
Resident Weekend Now,19,SCHOOL,0
Resident Weekend Now,20,SCHOOL,0
Resident Weekend Now,21,SCHOOL,0
Resident Weekend Now,22,SCHOOL,0
Resident Weekend Now,23,SCHOOL,0
Resident Weekend Now,24,SCHOOL,0
Resident Weekend Now,25,SCHOOL,0
Resident Weekend Now,26,SCHOOL,0
Resident Weekend Now,27,SCHOOL,0
Resident Weekend Now,28,SCHOOL,0
Resident Weekend Now,29,SCHOOL,0
Resident Weekend Now,30,SCHOOL,0
Resident Weekend Now,31,SCHOOL,0
Resident Weekend Now,32,SCHOOL,0
Resident Weekend Now,33,SCHOOL,0
Resident Weekend Now,34,SCHOOL,0
Resident Weekend Now,35,SCHOOL,0
Resident Weekend Now,36,SCHOOL,0
Resident Weekend Now,37,SCHOOL,0
Resident Weekend Now,38,SCHOOL,0
Resident Weekend Now,39,SCHOOL,0
Resident Weekend Now,40,SCHOOL,0
Resident Weekend Now,41,SCHOOL,0
Resident Weekend Now,42,SCHOOL,0
Resident Weekend Now,43,SCHOOL,0
Resident Weekend Now,44,SCHOOL,0
Resident Weekend Now,45,SCHOOL,0
Resident Weekend Now,46,SCHOOL,0
Resident Weekend Now,47,SCHOOL,0
Resident Weekend Now,48,SCHOOL,0
Visitor Weekday Before,1,HOME,0.797925945
Visitor Weekday Before,2,HOME,0.805648014
Visitor Weekday Before,3,HOME,0.813289383
Visitor Weekday Before,4,HOME,0.818328679
Visitor Weekday Before,5,HOME,0.8220369
Visitor Weekday Before,6,HOME,0.824545597
Visitor Weekday Before,7,HOME,0.826944777
Visitor Weekday Before,8,HOME,0.827125397
Visitor Weekday Before,9,HOME,0.824489005
Visitor Weekday Before,10,HOME,0.818444411
Visitor Weekday Before,11,HOME,0.806591839
Visitor Weekday Before,12,HOME,0.788059729
Visitor Weekday Before,13,HOME,0.756416062
Visitor Weekday Before,14,HOME,0.719213676
Visitor Weekday Before,15,HOME,0.658114705
Visitor Weekday Before,16,HOME,0.583114209
Visitor Weekday Before,17,HOME,0.51420837
Visitor Weekday Before,18,HOME,0.46255092
Visitor Weekday Before,19,HOME,0.424464342
Visitor Weekday Before,20,HOME,0.400975726
Visitor Weekday Before,21,HOME,0.383281832
Visitor Weekday Before,22,HOME,0.371270308
Visitor Weekday Before,23,HOME,0.363326209
Visitor Weekday Before,24,HOME,0.357631173
Visitor Weekday Before,25,HOME,0.35655941
Visitor Weekday Before,26,HOME,0.35518603
Visitor Weekday Before,27,HOME,0.356939981
Visitor Weekday Before,28,HOME,0.359204281
Visitor Weekday Before,29,HOME,0.363554528
Visitor Weekday Before,30,HOME,0.378380456
Visitor Weekday Before,31,HOME,0.403248881
Visitor Weekday Before,32,HOME,0.428702958
Visitor Weekday Before,33,HOME,0.455063381
Visitor Weekday Before,34,HOME,0.482535344
Visitor Weekday Before,35,HOME,0.516810574
Visitor Weekday Before,36,HOME,0.543789362
Visitor Weekday Before,37,HOME,0.563677953
Visitor Weekday Before,38,HOME,0.57109092
Visitor Weekday Before,39,HOME,0.592421607
Visitor Weekday Before,40,HOME,0.60207833
Visitor Weekday Before,41,HOME,0.627009687
Visitor Weekday Before,42,HOME,0.65084929
Visitor Weekday Before,43,HOME,0.680176177
Visitor Weekday Before,44,HOME,0.702165696
Visitor Weekday Before,45,HOME,0.727528358
Visitor Weekday Before,46,HOME,0.739778312
Visitor Weekday Before,47,HOME,0.759480102
Visitor Weekday Before,48,HOME,0.767584292
Visitor Weekday Before,1,WORK,0.048188542
Visitor Weekday Before,2,WORK,0.044911173
Visitor Weekday Before,3,WORK,0.042177883
Visitor Weekday Before,4,WORK,0.040311109
Visitor Weekday Before,5,WORK,0.038952267
Visitor Weekday Before,6,WORK,0.038109959
Visitor Weekday Before,7,WORK,0.03765046
Visitor Weekday Before,8,WORK,0.037686941
Visitor Weekday Before,9,WORK,0.038883099
Visitor Weekday Before,10,WORK,0.041150357
Visitor Weekday Before,11,WORK,0.046284778
Visitor Weekday Before,12,WORK,0.054911327
Visitor Weekday Before,13,WORK,0.073785284
Visitor Weekday Before,14,WORK,0.096968166
Visitor Weekday Before,15,WORK,0.144196445
Visitor Weekday Before,16,WORK,0.208044267
Visitor Weekday Before,17,WORK,0.270535051
Visitor Weekday Before,18,WORK,0.315028674
Visitor Weekday Before,19,WORK,0.351624481
Visitor Weekday Before,20,WORK,0.369200508
Visitor Weekday Before,21,WORK,0.380342782
Visitor Weekday Before,22,WORK,0.388179544
Visitor Weekday Before,23,WORK,0.393083299
Visitor Weekday Before,24,WORK,0.393386411
Visitor Weekday Before,25,WORK,0.388962
Visitor Weekday Before,26,WORK,0.386218549
Visitor Weekday Before,27,WORK,0.388858885
Visitor Weekday Before,28,WORK,0.388820632
Visitor Weekday Before,29,WORK,0.387123451
Visitor Weekday Before,30,WORK,0.370337132
Visitor Weekday Before,31,WORK,0.347874702
Visitor Weekday Before,32,WORK,0.318654383
Visitor Weekday Before,33,WORK,0.286433142
Visitor Weekday Before,34,WORK,0.251104141
Visitor Weekday Before,35,WORK,0.202644762
Visitor Weekday Before,36,WORK,0.167414593
Visitor Weekday Before,37,WORK,0.141536467
Visitor Weekday Before,38,WORK,0.126684971
Visitor Weekday Before,39,WORK,0.111884773
Visitor Weekday Before,40,WORK,0.105856519
Visitor Weekday Before,41,WORK,0.098376775
Visitor Weekday Before,42,WORK,0.093095263
Visitor Weekday Before,43,WORK,0.085984535
Visitor Weekday Before,44,WORK,0.080122342
Visitor Weekday Before,45,WORK,0.071205548
Visitor Weekday Before,46,WORK,0.066806259
Visitor Weekday Before,47,WORK,0.059651208
Visitor Weekday Before,48,WORK,0.055775729
Visitor Weekday Before,1,OTHER,0.153885513
Visitor Weekday Before,2,OTHER,0.149440814
Visitor Weekday Before,3,OTHER,0.144532734
Visitor Weekday Before,4,OTHER,0.141360211
Visitor Weekday Before,5,OTHER,0.139010833
Visitor Weekday Before,6,OTHER,0.137344444
Visitor Weekday Before,7,OTHER,0.135404763
Visitor Weekday Before,8,OTHER,0.135187662
Visitor Weekday Before,9,OTHER,0.136627897
Visitor Weekday Before,10,OTHER,0.140405232
Visitor Weekday Before,11,OTHER,0.147123383
Visitor Weekday Before,12,OTHER,0.157028944
Visitor Weekday Before,13,OTHER,0.169798654
Visitor Weekday Before,14,OTHER,0.183818158
Visitor Weekday Before,15,OTHER,0.19768885
Visitor Weekday Before,16,OTHER,0.208841524
Visitor Weekday Before,17,OTHER,0.215256578
Visitor Weekday Before,18,OTHER,0.222420406
Visitor Weekday Before,19,OTHER,0.223911177
Visitor Weekday Before,20,OTHER,0.229823766
Visitor Weekday Before,21,OTHER,0.236375386
Visitor Weekday Before,22,OTHER,0.240550148
Visitor Weekday Before,23,OTHER,0.243590492
Visitor Weekday Before,24,OTHER,0.248982416
Visitor Weekday Before,25,OTHER,0.254478589
Visitor Weekday Before,26,OTHER,0.25859542
Visitor Weekday Before,27,OTHER,0.254201134
Visitor Weekday Before,28,OTHER,0.251975088
Visitor Weekday Before,29,OTHER,0.249322021
Visitor Weekday Before,30,OTHER,0.251282412
Visitor Weekday Before,31,OTHER,0.248876417
Visitor Weekday Before,32,OTHER,0.252642659
Visitor Weekday Before,33,OTHER,0.258503478
Visitor Weekday Before,34,OTHER,0.266360515
Visitor Weekday Before,35,OTHER,0.280544664
Visitor Weekday Before,36,OTHER,0.288796045
Visitor Weekday Before,37,OTHER,0.29478558
Visitor Weekday Before,38,OTHER,0.302224109
Visitor Weekday Before,39,OTHER,0.29569362
Visitor Weekday Before,40,OTHER,0.292065152
Visitor Weekday Before,41,OTHER,0.274613538
Visitor Weekday Before,42,OTHER,0.256055447
Visitor Weekday Before,43,OTHER,0.233839288
Visitor Weekday Before,44,OTHER,0.217711962
Visitor Weekday Before,45,OTHER,0.201266094
Visitor Weekday Before,46,OTHER,0.193415429
Visitor Weekday Before,47,OTHER,0.18086869
Visitor Weekday Before,48,OTHER,0.176639979
Visitor Weekday Before,1,SCHOOL,0
Visitor Weekday Before,2,SCHOOL,0
Visitor Weekday Before,3,SCHOOL,0
Visitor Weekday Before,4,SCHOOL,0
Visitor Weekday Before,5,SCHOOL,0
Visitor Weekday Before,6,SCHOOL,0
Visitor Weekday Before,7,SCHOOL,0
Visitor Weekday Before,8,SCHOOL,0
Visitor Weekday Before,9,SCHOOL,0
Visitor Weekday Before,10,SCHOOL,0
Visitor Weekday Before,11,SCHOOL,0
Visitor Weekday Before,12,SCHOOL,0
Visitor Weekday Before,13,SCHOOL,0
Visitor Weekday Before,14,SCHOOL,0
Visitor Weekday Before,15,SCHOOL,0
Visitor Weekday Before,16,SCHOOL,0
Visitor Weekday Before,17,SCHOOL,0
Visitor Weekday Before,18,SCHOOL,0
Visitor Weekday Before,19,SCHOOL,0
Visitor Weekday Before,20,SCHOOL,0
Visitor Weekday Before,21,SCHOOL,0
Visitor Weekday Before,22,SCHOOL,0
Visitor Weekday Before,23,SCHOOL,0
Visitor Weekday Before,24,SCHOOL,0
Visitor Weekday Before,25,SCHOOL,0
Visitor Weekday Before,26,SCHOOL,0
Visitor Weekday Before,27,SCHOOL,0
Visitor Weekday Before,28,SCHOOL,0
Visitor Weekday Before,29,SCHOOL,0
Visitor Weekday Before,30,SCHOOL,0
Visitor Weekday Before,31,SCHOOL,0
Visitor Weekday Before,32,SCHOOL,0
Visitor Weekday Before,33,SCHOOL,0
Visitor Weekday Before,34,SCHOOL,0
Visitor Weekday Before,35,SCHOOL,0
Visitor Weekday Before,36,SCHOOL,0
Visitor Weekday Before,37,SCHOOL,0
Visitor Weekday Before,38,SCHOOL,0
Visitor Weekday Before,39,SCHOOL,0
Visitor Weekday Before,40,SCHOOL,0
Visitor Weekday Before,41,SCHOOL,0
Visitor Weekday Before,42,SCHOOL,0
Visitor Weekday Before,43,SCHOOL,0
Visitor Weekday Before,44,SCHOOL,0
Visitor Weekday Before,45,SCHOOL,0
Visitor Weekday Before,46,SCHOOL,0
Visitor Weekday Before,47,SCHOOL,0
Visitor Weekday Before,48,SCHOOL,0
Visitor Weekday Now,1,HOME,0.804259589
Visitor Weekday Now,2,HOME,0.806241201
Visitor Weekday Now,3,HOME,0.812639148
Visitor Weekday Now,4,HOME,0.814748694
Visitor Weekday Now,5,HOME,0.819270775
Visitor Weekday Now,6,HOME,0.82024629
Visitor Weekday Now,7,HOME,0.822777855
Visitor Weekday Now,8,HOME,0.82237667
Visitor Weekday Now,9,HOME,0.823097991
Visitor Weekday Now,10,HOME,0.820111081
Visitor Weekday Now,11,HOME,0.815354922
Visitor Weekday Now,12,HOME,0.805397325
Visitor Weekday Now,13,HOME,0.786770784
Visitor Weekday Now,14,HOME,0.766270918
Visitor Weekday Now,15,HOME,0.741714262
Visitor Weekday Now,16,HOME,0.719404946
Visitor Weekday Now,17,HOME,0.694647171
Visitor Weekday Now,18,HOME,0.675329423
Visitor Weekday Now,19,HOME,0.661724869
Visitor Weekday Now,20,HOME,0.650514358
Visitor Weekday Now,21,HOME,0.643684423
Visitor Weekday Now,22,HOME,0.635963755
Visitor Weekday Now,23,HOME,0.634442585
Visitor Weekday Now,24,HOME,0.628311039
Visitor Weekday Now,25,HOME,0.627276591
Visitor Weekday Now,26,HOME,0.625234702
Visitor Weekday Now,27,HOME,0.628256495
Visitor Weekday Now,28,HOME,0.626913465
Visitor Weekday Now,29,HOME,0.629610342
Visitor Weekday Now,30,HOME,0.631192214
Visitor Weekday Now,31,HOME,0.639606369
Visitor Weekday Now,32,HOME,0.648181745
Visitor Weekday Now,33,HOME,0.665074609
Visitor Weekday Now,34,HOME,0.676720867
Visitor Weekday Now,35,HOME,0.698894976
Visitor Weekday Now,36,HOME,0.708330447
Visitor Weekday Now,37,HOME,0.71839296
Visitor Weekday Now,38,HOME,0.719043968
Visitor Weekday Now,39,HOME,0.727896907
Visitor Weekday Now,40,HOME,0.72420907
Visitor Weekday Now,41,HOME,0.749944382
Visitor Weekday Now,42,HOME,0.751638952
Visitor Weekday Now,43,HOME,0.761500822
Visitor Weekday Now,44,HOME,0.763526617
Visitor Weekday Now,45,HOME,0.776229609
Visitor Weekday Now,46,HOME,0.777740063
Visitor Weekday Now,47,HOME,0.787659479
Visitor Weekday Now,48,HOME,0.791586672
Visitor Weekday Now,1,WORK,0.068348529
Visitor Weekday Now,2,WORK,0.067243534
Visitor Weekday Now,3,WORK,0.064930475
Visitor Weekday Now,4,WORK,0.06403423
Visitor Weekday Now,5,WORK,0.061974371
Visitor Weekday Now,6,WORK,0.061279167
Visitor Weekday Now,7,WORK,0.06050465
Visitor Weekday Now,8,WORK,0.060354001
Visitor Weekday Now,9,WORK,0.060724959
Visitor Weekday Now,10,WORK,0.062177633
Visitor Weekday Now,11,WORK,0.064887014
Visitor Weekday Now,12,WORK,0.070545717
Visitor Weekday Now,13,WORK,0.082423267
Visitor Weekday Now,14,WORK,0.096660517
Visitor Weekday Now,15,WORK,0.117994907
Visitor Weekday Now,16,WORK,0.13516147
Visitor Weekday Now,17,WORK,0.15649435
Visitor Weekday Now,18,WORK,0.171143967
Visitor Weekday Now,19,WORK,0.18569633
Visitor Weekday Now,20,WORK,0.192578921
Visitor Weekday Now,21,WORK,0.19755293
Visitor Weekday Now,22,WORK,0.201181804
Visitor Weekday Now,23,WORK,0.203444335
Visitor Weekday Now,24,WORK,0.205507054
Visitor Weekday Now,25,WORK,0.20505618
Visitor Weekday Now,26,WORK,0.205526149
Visitor Weekday Now,27,WORK,0.204538537
Visitor Weekday Now,28,WORK,0.203916311
Visitor Weekday Now,29,WORK,0.202773707
Visitor Weekday Now,30,WORK,0.199092176
Visitor Weekday Now,31,WORK,0.193017515
Visitor Weekday Now,32,WORK,0.183422547
Visitor Weekday Now,33,WORK,0.170116814
Visitor Weekday Now,34,WORK,0.156014081
Visitor Weekday Now,35,WORK,0.133286899
Visitor Weekday Now,36,WORK,0.120461162
Visitor Weekday Now,37,WORK,0.1114167
Visitor Weekday Now,38,WORK,0.107341096
Visitor Weekday Now,39,WORK,0.102625107
Visitor Weekday Now,40,WORK,0.101732113
Visitor Weekday Now,41,WORK,0.093667818
Visitor Weekday Now,42,WORK,0.092359133
Visitor Weekday Now,43,WORK,0.08787741
Visitor Weekday Now,44,WORK,0.086156146
Visitor Weekday Now,45,WORK,0.080198108
Visitor Weekday Now,46,WORK,0.078819562
Visitor Weekday Now,47,WORK,0.074730592
Visitor Weekday Now,48,WORK,0.07260855
Visitor Weekday Now,1,OTHER,0.127391882
Visitor Weekday Now,2,OTHER,0.126515265
Visitor Weekday Now,3,OTHER,0.122430377
Visitor Weekday Now,4,OTHER,0.121217076
Visitor Weekday Now,5,OTHER,0.118754854
Visitor Weekday Now,6,OTHER,0.118474542
Visitor Weekday Now,7,OTHER,0.116717495
Visitor Weekday Now,8,OTHER,0.117269329
Visitor Weekday Now,9,OTHER,0.11617705
Visitor Weekday Now,10,OTHER,0.117711286
Visitor Weekday Now,11,OTHER,0.119758064
Visitor Weekday Now,12,OTHER,0.124056957
Visitor Weekday Now,13,OTHER,0.130805948
Visitor Weekday Now,14,OTHER,0.137068565
Visitor Weekday Now,15,OTHER,0.140290831
Visitor Weekday Now,16,OTHER,0.145433583
Visitor Weekday Now,17,OTHER,0.148858479
Visitor Weekday Now,18,OTHER,0.15352661
Visitor Weekday Now,19,OTHER,0.1525788
Visitor Weekday Now,20,OTHER,0.156906721
Visitor Weekday Now,21,OTHER,0.158762647
Visitor Weekday Now,22,OTHER,0.162854441
Visitor Weekday Now,23,OTHER,0.16211308
Visitor Weekday Now,24,OTHER,0.166181907
Visitor Weekday Now,25,OTHER,0.167667229
Visitor Weekday Now,26,OTHER,0.16923915
Visitor Weekday Now,27,OTHER,0.167204968
Visitor Weekday Now,28,OTHER,0.169170224
Visitor Weekday Now,29,OTHER,0.167615951
Visitor Weekday Now,30,OTHER,0.16971561
Visitor Weekday Now,31,OTHER,0.167376116
Visitor Weekday Now,32,OTHER,0.168395707
Visitor Weekday Now,33,OTHER,0.164808577
Visitor Weekday Now,34,OTHER,0.167265052
Visitor Weekday Now,35,OTHER,0.167818125
Visitor Weekday Now,36,OTHER,0.171208391
Visitor Weekday Now,37,OTHER,0.17019034
Visitor Weekday Now,38,OTHER,0.173614937
Visitor Weekday Now,39,OTHER,0.169477986
Visitor Weekday Now,40,OTHER,0.174058817
Visitor Weekday Now,41,OTHER,0.156387801
Visitor Weekday Now,42,OTHER,0.156001915
Visitor Weekday Now,43,OTHER,0.150621768
Visitor Weekday Now,44,OTHER,0.150317237
Visitor Weekday Now,45,OTHER,0.143572284
Visitor Weekday Now,46,OTHER,0.143440375
Visitor Weekday Now,47,OTHER,0.137609928
Visitor Weekday Now,48,OTHER,0.135804778
Visitor Weekday Now,1,SCHOOL,0
Visitor Weekday Now,2,SCHOOL,0
Visitor Weekday Now,3,SCHOOL,0
Visitor Weekday Now,4,SCHOOL,0
Visitor Weekday Now,5,SCHOOL,0
Visitor Weekday Now,6,SCHOOL,0
Visitor Weekday Now,7,SCHOOL,0
Visitor Weekday Now,8,SCHOOL,0
Visitor Weekday Now,9,SCHOOL,0
Visitor Weekday Now,10,SCHOOL,0
Visitor Weekday Now,11,SCHOOL,0
Visitor Weekday Now,12,SCHOOL,0
Visitor Weekday Now,13,SCHOOL,0
Visitor Weekday Now,14,SCHOOL,0
Visitor Weekday Now,15,SCHOOL,0
Visitor Weekday Now,16,SCHOOL,0
Visitor Weekday Now,17,SCHOOL,0
Visitor Weekday Now,18,SCHOOL,0
Visitor Weekday Now,19,SCHOOL,0
Visitor Weekday Now,20,SCHOOL,0
Visitor Weekday Now,21,SCHOOL,0
Visitor Weekday Now,22,SCHOOL,0
Visitor Weekday Now,23,SCHOOL,0
Visitor Weekday Now,24,SCHOOL,0
Visitor Weekday Now,25,SCHOOL,0
Visitor Weekday Now,26,SCHOOL,0
Visitor Weekday Now,27,SCHOOL,0
Visitor Weekday Now,28,SCHOOL,0
Visitor Weekday Now,29,SCHOOL,0
Visitor Weekday Now,30,SCHOOL,0
Visitor Weekday Now,31,SCHOOL,0
Visitor Weekday Now,32,SCHOOL,0
Visitor Weekday Now,33,SCHOOL,0
Visitor Weekday Now,34,SCHOOL,0
Visitor Weekday Now,35,SCHOOL,0
Visitor Weekday Now,36,SCHOOL,0
Visitor Weekday Now,37,SCHOOL,0
Visitor Weekday Now,38,SCHOOL,0
Visitor Weekday Now,39,SCHOOL,0
Visitor Weekday Now,40,SCHOOL,0
Visitor Weekday Now,41,SCHOOL,0
Visitor Weekday Now,42,SCHOOL,0
Visitor Weekday Now,43,SCHOOL,0
Visitor Weekday Now,44,SCHOOL,0
Visitor Weekday Now,45,SCHOOL,0
Visitor Weekday Now,46,SCHOOL,0
Visitor Weekday Now,47,SCHOOL,0
Visitor Weekday Now,48,SCHOOL,0
Visitor Weekend Before,1,HOME,0.724103594
Visitor Weekend Before,2,HOME,0.737088056
Visitor Weekend Before,3,HOME,0.751507158
Visitor Weekend Before,4,HOME,0.760547744
Visitor Weekend Before,5,HOME,0.770572638
Visitor Weekend Before,6,HOME,0.77620796
Visitor Weekend Before,7,HOME,0.77803643
Visitor Weekend Before,8,HOME,0.781145485
Visitor Weekend Before,9,HOME,0.78316546
Visitor Weekend Before,10,HOME,0.783337256
Visitor Weekend Before,11,HOME,0.781372824
Visitor Weekend Before,12,HOME,0.776845093
Visitor Weekend Before,13,HOME,0.768742813
Visitor Weekend Before,14,HOME,0.758523566
Visitor Weekend Before,15,HOME,0.744373834
Visitor Weekend Before,16,HOME,0.72931047
Visitor Weekend Before,17,HOME,0.710202784
Visitor Weekend Before,18,HOME,0.690498132
Visitor Weekend Before,19,HOME,0.665059071
Visitor Weekend Before,20,HOME,0.641609101
Visitor Weekend Before,21,HOME,0.612558863
Visitor Weekend Before,22,HOME,0.591891091
Visitor Weekend Before,23,HOME,0.575349197
Visitor Weekend Before,24,HOME,0.563174356
Visitor Weekend Before,25,HOME,0.557868298
Visitor Weekend Before,26,HOME,0.552290482
Visitor Weekend Before,27,HOME,0.550649596
Visitor Weekend Before,28,HOME,0.549047036
Visitor Weekend Before,29,HOME,0.550327479
Visitor Weekend Before,30,HOME,0.553363444
Visitor Weekend Before,31,HOME,0.559115678
Visitor Weekend Before,32,HOME,0.562461446
Visitor Weekend Before,33,HOME,0.565930566
Visitor Weekend Before,34,HOME,0.566734523
Visitor Weekend Before,35,HOME,0.567560967
Visitor Weekend Before,36,HOME,0.567611075
Visitor Weekend Before,37,HOME,0.577741128
Visitor Weekend Before,38,HOME,0.579288364
Visitor Weekend Before,39,HOME,0.602874214
Visitor Weekend Before,40,HOME,0.609667902
Visitor Weekend Before,41,HOME,0.626463489
Visitor Weekend Before,42,HOME,0.642875216
Visitor Weekend Before,43,HOME,0.664150499
Visitor Weekend Before,44,HOME,0.682049962
Visitor Weekend Before,45,HOME,0.704064302
Visitor Weekend Before,46,HOME,0.719089475
Visitor Weekend Before,47,HOME,0.736409307
Visitor Weekend Before,48,HOME,0.74617261
Visitor Weekend Before,1,WORK,0.052422094
Visitor Weekend Before,2,WORK,0.048603889
Visitor Weekend Before,3,WORK,0.044233846
Visitor Weekend Before,4,WORK,0.041888414
Visitor Weekend Before,5,WORK,0.039370095
Visitor Weekend Before,6,WORK,0.037909056
Visitor Weekend Before,7,WORK,0.037759586
Visitor Weekend Before,8,WORK,0.037130569
Visitor Weekend Before,9,WORK,0.036972341
Visitor Weekend Before,10,WORK,0.037129433
Visitor Weekend Before,11,WORK,0.038617677
Visitor Weekend Before,12,WORK,0.041019856
Visitor Weekend Before,13,WORK,0.045978438
Visitor Weekend Before,14,WORK,0.050812092
Visitor Weekend Before,15,WORK,0.058154973
Visitor Weekend Before,16,WORK,0.063852146
Visitor Weekend Before,17,WORK,0.070781721
Visitor Weekend Before,18,WORK,0.076832325
Visitor Weekend Before,19,WORK,0.083565486
Visitor Weekend Before,20,WORK,0.088941666
Visitor Weekend Before,21,WORK,0.097459464
Visitor Weekend Before,22,WORK,0.101630907
Visitor Weekend Before,23,WORK,0.104551254
Visitor Weekend Before,24,WORK,0.106812842
Visitor Weekend Before,25,WORK,0.107695174
Visitor Weekend Before,26,WORK,0.107877119
Visitor Weekend Before,27,WORK,0.107240245
Visitor Weekend Before,28,WORK,0.107180551
Visitor Weekend Before,29,WORK,0.106425697
Visitor Weekend Before,30,WORK,0.105245657
Visitor Weekend Before,31,WORK,0.104477691
Visitor Weekend Before,32,WORK,0.103624397
Visitor Weekend Before,33,WORK,0.101877763
Visitor Weekend Before,34,WORK,0.101074876
Visitor Weekend Before,35,WORK,0.098840722
Visitor Weekend Before,36,WORK,0.096232705
Visitor Weekend Before,37,WORK,0.089749612
Visitor Weekend Before,38,WORK,0.08771777
Visitor Weekend Before,39,WORK,0.079529483
Visitor Weekend Before,40,WORK,0.078236406
Visitor Weekend Before,41,WORK,0.075580081
Visitor Weekend Before,42,WORK,0.074037041
Visitor Weekend Before,43,WORK,0.070479264
Visitor Weekend Before,44,WORK,0.067452939
Visitor Weekend Before,45,WORK,0.062023215
Visitor Weekend Before,46,WORK,0.05927784
Visitor Weekend Before,47,WORK,0.054469644
Visitor Weekend Before,48,WORK,0.051858646
Visitor Weekend Before,1,OTHER,0.223474312
Visitor Weekend Before,2,OTHER,0.214308055
Visitor Weekend Before,3,OTHER,0.204258996
Visitor Weekend Before,4,OTHER,0.197563842
Visitor Weekend Before,5,OTHER,0.190057267
Visitor Weekend Before,6,OTHER,0.185882984
Visitor Weekend Before,7,OTHER,0.184203984
Visitor Weekend Before,8,OTHER,0.181723945
Visitor Weekend Before,9,OTHER,0.179862199
Visitor Weekend Before,10,OTHER,0.179533311
Visitor Weekend Before,11,OTHER,0.180009499
Visitor Weekend Before,12,OTHER,0.182135051
Visitor Weekend Before,13,OTHER,0.185278749
Visitor Weekend Before,14,OTHER,0.190664342
Visitor Weekend Before,15,OTHER,0.197471193
Visitor Weekend Before,16,OTHER,0.206837385
Visitor Weekend Before,17,OTHER,0.219015495
Visitor Weekend Before,18,OTHER,0.232669543
Visitor Weekend Before,19,OTHER,0.251375442
Visitor Weekend Before,20,OTHER,0.269449233
Visitor Weekend Before,21,OTHER,0.289981674
Visitor Weekend Before,22,OTHER,0.306478002
Visitor Weekend Before,23,OTHER,0.320099549
Visitor Weekend Before,24,OTHER,0.330012802
Visitor Weekend Before,25,OTHER,0.334436528
Visitor Weekend Before,26,OTHER,0.339832399
Visitor Weekend Before,27,OTHER,0.342110159
Visitor Weekend Before,28,OTHER,0.343772413
Visitor Weekend Before,29,OTHER,0.343246824
Visitor Weekend Before,30,OTHER,0.341390899
Visitor Weekend Before,31,OTHER,0.336406631
Visitor Weekend Before,32,OTHER,0.333914156
Visitor Weekend Before,33,OTHER,0.332191671
Visitor Weekend Before,34,OTHER,0.332190601
Visitor Weekend Before,35,OTHER,0.33359831
Visitor Weekend Before,36,OTHER,0.33615622
Visitor Weekend Before,37,OTHER,0.332509259
Visitor Weekend Before,38,OTHER,0.332993866
Visitor Weekend Before,39,OTHER,0.317596303
Visitor Weekend Before,40,OTHER,0.312095692
Visitor Weekend Before,41,OTHER,0.29795643
Visitor Weekend Before,42,OTHER,0.283087743
Visitor Weekend Before,43,OTHER,0.265370237
Visitor Weekend Before,44,OTHER,0.2504971
Visitor Weekend Before,45,OTHER,0.233912483
Visitor Weekend Before,46,OTHER,0.221632685
Visitor Weekend Before,47,OTHER,0.209121049
Visitor Weekend Before,48,OTHER,0.201968744
Visitor Weekend Before,1,SCHOOL,0
Visitor Weekend Before,2,SCHOOL,0
Visitor Weekend Before,3,SCHOOL,0
Visitor Weekend Before,4,SCHOOL,0
Visitor Weekend Before,5,SCHOOL,0
Visitor Weekend Before,6,SCHOOL,0
Visitor Weekend Before,7,SCHOOL,0
Visitor Weekend Before,8,SCHOOL,0
Visitor Weekend Before,9,SCHOOL,0
Visitor Weekend Before,10,SCHOOL,0
Visitor Weekend Before,11,SCHOOL,0
Visitor Weekend Before,12,SCHOOL,0
Visitor Weekend Before,13,SCHOOL,0
Visitor Weekend Before,14,SCHOOL,0
Visitor Weekend Before,15,SCHOOL,0
Visitor Weekend Before,16,SCHOOL,0
Visitor Weekend Before,17,SCHOOL,0
Visitor Weekend Before,18,SCHOOL,0
Visitor Weekend Before,19,SCHOOL,0
Visitor Weekend Before,20,SCHOOL,0
Visitor Weekend Before,21,SCHOOL,0
Visitor Weekend Before,22,SCHOOL,0
Visitor Weekend Before,23,SCHOOL,0
Visitor Weekend Before,24,SCHOOL,0
Visitor Weekend Before,25,SCHOOL,0
Visitor Weekend Before,26,SCHOOL,0
Visitor Weekend Before,27,SCHOOL,0
Visitor Weekend Before,28,SCHOOL,0
Visitor Weekend Before,29,SCHOOL,0
Visitor Weekend Before,30,SCHOOL,0
Visitor Weekend Before,31,SCHOOL,0
Visitor Weekend Before,32,SCHOOL,0
Visitor Weekend Before,33,SCHOOL,0
Visitor Weekend Before,34,SCHOOL,0
Visitor Weekend Before,35,SCHOOL,0
Visitor Weekend Before,36,SCHOOL,0
Visitor Weekend Before,37,SCHOOL,0
Visitor Weekend Before,38,SCHOOL,0
Visitor Weekend Before,39,SCHOOL,0
Visitor Weekend Before,40,SCHOOL,0
Visitor Weekend Before,41,SCHOOL,0
Visitor Weekend Before,42,SCHOOL,0
Visitor Weekend Before,43,SCHOOL,0
Visitor Weekend Before,44,SCHOOL,0
Visitor Weekend Before,45,SCHOOL,0
Visitor Weekend Before,46,SCHOOL,0
Visitor Weekend Before,47,SCHOOL,0
Visitor Weekend Before,48,SCHOOL,0
Visitor Weekend Now,1,HOME,0.793083295
Visitor Weekend Now,2,HOME,0.795882387
Visitor Weekend Now,3,HOME,0.80661625
Visitor Weekend Now,4,HOME,0.808141675
Visitor Weekend Now,5,HOME,0.814938153
Visitor Weekend Now,6,HOME,0.81616255
Visitor Weekend Now,7,HOME,0.820648289
Visitor Weekend Now,8,HOME,0.82158269
Visitor Weekend Now,9,HOME,0.823626107
Visitor Weekend Now,10,HOME,0.822823048
Visitor Weekend Now,11,HOME,0.823780826
Visitor Weekend Now,12,HOME,0.820306663
Visitor Weekend Now,13,HOME,0.815496722
Visitor Weekend Now,14,HOME,0.808565587
Visitor Weekend Now,15,HOME,0.798691217
Visitor Weekend Now,16,HOME,0.79235689
Visitor Weekend Now,17,HOME,0.784814021
Visitor Weekend Now,18,HOME,0.77581481
Visitor Weekend Now,19,HOME,0.76996034
Visitor Weekend Now,20,HOME,0.76076029
Visitor Weekend Now,21,HOME,0.74790194
Visitor Weekend Now,22,HOME,0.737457129
Visitor Weekend Now,23,HOME,0.735218488
Visitor Weekend Now,24,HOME,0.727758478
Visitor Weekend Now,25,HOME,0.725746612
Visitor Weekend Now,26,HOME,0.718188505
Visitor Weekend Now,27,HOME,0.721154157
Visitor Weekend Now,28,HOME,0.716089601
Visitor Weekend Now,29,HOME,0.718286807
Visitor Weekend Now,30,HOME,0.714372783
Visitor Weekend Now,31,HOME,0.716662899
Visitor Weekend Now,32,HOME,0.715767838
Visitor Weekend Now,33,HOME,0.722003977
Visitor Weekend Now,34,HOME,0.72180461
Visitor Weekend Now,35,HOME,0.732094765
Visitor Weekend Now,36,HOME,0.729784732
Visitor Weekend Now,37,HOME,0.733818182
Visitor Weekend Now,38,HOME,0.728845003
Visitor Weekend Now,39,HOME,0.73457562
Visitor Weekend Now,40,HOME,0.724976019
Visitor Weekend Now,41,HOME,0.755761702
Visitor Weekend Now,42,HOME,0.753943751
Visitor Weekend Now,43,HOME,0.76482644
Visitor Weekend Now,44,HOME,0.765609781
Visitor Weekend Now,45,HOME,0.776942049
Visitor Weekend Now,46,HOME,0.778729529
Visitor Weekend Now,47,HOME,0.791709769
Visitor Weekend Now,48,HOME,0.794786902
Visitor Weekend Now,1,WORK,0.069107757
Visitor Weekend Now,2,WORK,0.068413269
Visitor Weekend Now,3,WORK,0.063995359
Visitor Weekend Now,4,WORK,0.063061799
Visitor Weekend Now,5,WORK,0.061328931
Visitor Weekend Now,6,WORK,0.060691139
Visitor Weekend Now,7,WORK,0.059707048
Visitor Weekend Now,8,WORK,0.05920805
Visitor Weekend Now,9,WORK,0.058779977
Visitor Weekend Now,10,WORK,0.059322351
Visitor Weekend Now,11,WORK,0.05954054
Visitor Weekend Now,12,WORK,0.061571547
Visitor Weekend Now,13,WORK,0.06428033
Visitor Weekend Now,14,WORK,0.067886531
Visitor Weekend Now,15,WORK,0.073035667
Visitor Weekend Now,16,WORK,0.076793234
Visitor Weekend Now,17,WORK,0.081079355
Visitor Weekend Now,18,WORK,0.084823926
Visitor Weekend Now,19,WORK,0.087804035
Visitor Weekend Now,20,WORK,0.090871052
Visitor Weekend Now,21,WORK,0.097301196
Visitor Weekend Now,22,WORK,0.100987699
Visitor Weekend Now,23,WORK,0.101771716
Visitor Weekend Now,24,WORK,0.103634389
Visitor Weekend Now,25,WORK,0.103347704
Visitor Weekend Now,26,WORK,0.105533732
Visitor Weekend Now,27,WORK,0.103803593
Visitor Weekend Now,28,WORK,0.105028969
Visitor Weekend Now,29,WORK,0.103318863
Visitor Weekend Now,30,WORK,0.103531513
Visitor Weekend Now,31,WORK,0.10189252
Visitor Weekend Now,32,WORK,0.100487
Visitor Weekend Now,33,WORK,0.098089531
Visitor Weekend Now,34,WORK,0.096912598
Visitor Weekend Now,35,WORK,0.092855074
Visitor Weekend Now,36,WORK,0.092268048
Visitor Weekend Now,37,WORK,0.090538843
Visitor Weekend Now,38,WORK,0.091048776
Visitor Weekend Now,39,WORK,0.089547308
Visitor Weekend Now,40,WORK,0.09216695
Visitor Weekend Now,41,WORK,0.082794904
Visitor Weekend Now,42,WORK,0.083312506
Visitor Weekend Now,43,WORK,0.080228428
Visitor Weekend Now,44,WORK,0.07973114
Visitor Weekend Now,45,WORK,0.075322845
Visitor Weekend Now,46,WORK,0.074544064
Visitor Weekend Now,47,WORK,0.070610008
Visitor Weekend Now,48,WORK,0.069283559
Visitor Weekend Now,1,OTHER,0.137808948
Visitor Weekend Now,2,OTHER,0.135704344
Visitor Weekend Now,3,OTHER,0.129388391
Visitor Weekend Now,4,OTHER,0.128796527
Visitor Weekend Now,5,OTHER,0.123732916
Visitor Weekend Now,6,OTHER,0.123146311
Visitor Weekend Now,7,OTHER,0.119644663
Visitor Weekend Now,8,OTHER,0.11920926
Visitor Weekend Now,9,OTHER,0.117593917
Visitor Weekend Now,10,OTHER,0.117854601
Visitor Weekend Now,11,OTHER,0.116678634
Visitor Weekend Now,12,OTHER,0.11812179
Visitor Weekend Now,13,OTHER,0.120222948
Visitor Weekend Now,14,OTHER,0.123547882
Visitor Weekend Now,15,OTHER,0.128273116
Visitor Weekend Now,16,OTHER,0.130849876
Visitor Weekend Now,17,OTHER,0.134106623
Visitor Weekend Now,18,OTHER,0.139361263
Visitor Weekend Now,19,OTHER,0.142235625
Visitor Weekend Now,20,OTHER,0.148368659
Visitor Weekend Now,21,OTHER,0.154796864
Visitor Weekend Now,22,OTHER,0.161555172
Visitor Weekend Now,23,OTHER,0.163009796
Visitor Weekend Now,24,OTHER,0.168607133
Visitor Weekend Now,25,OTHER,0.170905684
Visitor Weekend Now,26,OTHER,0.176277763
Visitor Weekend Now,27,OTHER,0.17504225
Visitor Weekend Now,28,OTHER,0.17888143
Visitor Weekend Now,29,OTHER,0.178394329
Visitor Weekend Now,30,OTHER,0.182095704
Visitor Weekend Now,31,OTHER,0.181444581
Visitor Weekend Now,32,OTHER,0.183745162
Visitor Weekend Now,33,OTHER,0.179906492
Visitor Weekend Now,34,OTHER,0.181282791
Visitor Weekend Now,35,OTHER,0.175050161
Visitor Weekend Now,36,OTHER,0.17794722
Visitor Weekend Now,37,OTHER,0.175642975
Visitor Weekend Now,38,OTHER,0.180106221
Visitor Weekend Now,39,OTHER,0.175877073
Visitor Weekend Now,40,OTHER,0.182857031
Visitor Weekend Now,41,OTHER,0.161443394
Visitor Weekend Now,42,OTHER,0.162743743
Visitor Weekend Now,43,OTHER,0.154945131
Visitor Weekend Now,44,OTHER,0.154659079
Visitor Weekend Now,45,OTHER,0.147735106
Visitor Weekend Now,46,OTHER,0.146726407
Visitor Weekend Now,47,OTHER,0.137680222
Visitor Weekend Now,48,OTHER,0.135929539
Visitor Weekend Now,1,SCHOOL,0
Visitor Weekend Now,2,SCHOOL,0
Visitor Weekend Now,3,SCHOOL,0
Visitor Weekend Now,4,SCHOOL,0
Visitor Weekend Now,5,SCHOOL,0
Visitor Weekend Now,6,SCHOOL,0
Visitor Weekend Now,7,SCHOOL,0
Visitor Weekend Now,8,SCHOOL,0
Visitor Weekend Now,9,SCHOOL,0
Visitor Weekend Now,10,SCHOOL,0
Visitor Weekend Now,11,SCHOOL,0
Visitor Weekend Now,12,SCHOOL,0
Visitor Weekend Now,13,SCHOOL,0
Visitor Weekend Now,14,SCHOOL,0
Visitor Weekend Now,15,SCHOOL,0
Visitor Weekend Now,16,SCHOOL,0
Visitor Weekend Now,17,SCHOOL,0
Visitor Weekend Now,18,SCHOOL,0
Visitor Weekend Now,19,SCHOOL,0
Visitor Weekend Now,20,SCHOOL,0
Visitor Weekend Now,21,SCHOOL,0
Visitor Weekend Now,22,SCHOOL,0
Visitor Weekend Now,23,SCHOOL,0
Visitor Weekend Now,24,SCHOOL,0
Visitor Weekend Now,25,SCHOOL,0
Visitor Weekend Now,26,SCHOOL,0
Visitor Weekend Now,27,SCHOOL,0
Visitor Weekend Now,28,SCHOOL,0
Visitor Weekend Now,29,SCHOOL,0
Visitor Weekend Now,30,SCHOOL,0
Visitor Weekend Now,31,SCHOOL,0
Visitor Weekend Now,32,SCHOOL,0
Visitor Weekend Now,33,SCHOOL,0
Visitor Weekend Now,34,SCHOOL,0
Visitor Weekend Now,35,SCHOOL,0
Visitor Weekend Now,36,SCHOOL,0
Visitor Weekend Now,37,SCHOOL,0
Visitor Weekend Now,38,SCHOOL,0
Visitor Weekend Now,39,SCHOOL,0
Visitor Weekend Now,40,SCHOOL,0
Visitor Weekend Now,41,SCHOOL,0
Visitor Weekend Now,42,SCHOOL,0
Visitor Weekend Now,43,SCHOOL,0
Visitor Weekend Now,44,SCHOOL,0
Visitor Weekend Now,45,SCHOOL,0
Visitor Weekend Now,46,SCHOOL,0
Visitor Weekend Now,47,SCHOOL,0
Visitor Weekend Now,48,SCHOOL,0
